catalog,page,category,name_ar,name_en,specs,model,ref,color,note
1,2,كابات / Caps,كاب ساتان,Satin cap,طباعة: صبليميشن - سلك سكرين - DTF,O19000-001,O19000-001,أخضر / Green,
1,2,كابات / Caps,كاب ساتان,Satin cap,طباعة: صبليميشن - سلك سكرين - DTF,O19000-002,O19000-002,أبيض / White,
1,2,كابات / Caps,كاب ساتان,Satin cap,طباعة: صبليميشن - سلك سكرين - DTF,O19000-003,O19000-003,أسود / Black,
1,2,كابات / Caps,كاب ساتان,Satin cap,طباعة: صبليميشن - سلك سكرين - DTF,O19000-004,O19000-004,وردي / Pink,
1,2,كابات / Caps,كاب ساتان,Satin cap,طباعة: صبليميشن - سلك سكرين - DTF,O19000-005,O19000-005,سماوي / Sky blue,
1,2,كابات / Caps,كاب ساتان,Satin cap,طباعة: صبليميشن - سلك سكرين - DTF,O19000-006,O19000-006,بنفسجي / Purple,
1,2,كابات / Caps,كاب ساتان,Satin cap,طباعة: صبليميشن - سلك سكرين - DTF,O19000-007,O19000-007,أحمر / Red,
1,2,كابات / Caps,كاب ساتان,Satin cap,طباعة: صبليميشن - سلك سكرين - DTF,O19000-008,O19000-008,كحلي / Navy,
1,2,كابات / Caps,كاب ساتان,Satin cap,طباعة: صبليميشن - سلك سكرين - DTF,O19000-009,O19000-009,أصفر / Yellow,
1,2,كابات / Caps,كاب ساتان,Satin cap,طباعة: صبليميشن - سلك سكرين - DTF,O19000-010,O19000-010,برتقالي / Orange,
1,2,كابات / Caps,كاب ساتان,Satin cap,طباعة: صبليميشن - سلك سكرين - DTF,O19000-011,O19000-011,بيج / Beige,
1,2,كابات / Caps,كاب ساتان,Satin cap,طباعة: صبليميشن - سلك سكرين - DTF,O19000-012,O19000-012,بني / Brown,
1,2,كابات / Caps,كاب ساتان مع قفل لاصق,Satin cap with velcro strap,طباعة: صبليميشن - سلك سكرين - DTF,O19000-061,O19000-061,أبيض / أخضر / White / Green,
1,2,كابات / Caps,كاب ساتان مع قفل لاصق,Satin cap with velcro strap,طباعة: صبليميشن - سلك سكرين - DTF,O19000-062,O19000-062,أبيض / كحلي / White / Navy,
1,2,كابات / Caps,كاب ساتان مع قفل لاصق,Satin cap with velcro strap,طباعة: صبليميشن - سلك سكرين - DTF,O19000-063,O19000-063,أبيض / بنفسجي / White / Purple,
1,2,كابات / Caps,كاب ساتان مع قفل لاصق,Satin cap with velcro strap,طباعة: صبليميشن - سلك سكرين - DTF,O19000-064,O19000-064,أبيض / عنابي / White / Maroon,
1,3,كابات / Caps,كاب قطن - كاب قماش فاخر,Cotton cap (premium fabric),طباعة: صبليميشن - سلك سكرين - DTF,O19000-022,O19000-022,أبيض / White,
1,3,كابات / Caps,كاب قطن - كاب قماش فاخر,Cotton cap (premium fabric),طباعة: صبليميشن - سلك سكرين - DTF,O19000-023,O19000-023,أسود / Black,
1,3,كابات / Caps,كاب قطن - كاب قماش فاخر,Cotton cap (premium fabric),طباعة: صبليميشن - سلك سكرين - DTF,O19000-025,O19000-025,أزرق / Blue,
1,3,كابات / Caps,كاب قطن - كاب قماش فاخر,Cotton cap (premium fabric),طباعة: صبليميشن - سلك سكرين - DTF,O19000-028,O19000-028,كحلي / Navy,
1,3,كابات / Caps,كاب قطن مع قفل معدن,Cotton cap with metal buckle,,O19000-041,O19000-041,أبيض / White,
1,3,كابات / Caps,كاب قطن مع قفل معدن,Cotton cap with metal buckle,,O19000-042,O19000-042,أخضر / Green,
1,3,كابات / Caps,كاب قطن مع قفل معدن,Cotton cap with metal buckle,,O19000-043,O19000-043,أسود / Black,
1,3,كابات / Caps,كاب قطن مع قفل معدن,Cotton cap with metal buckle,,O19000-044,O19000-044,كحلي / Navy,
1,3,كابات / Caps,كاب قطن مع قفل معدن,Cotton cap with metal buckle,,O19000-045,O19000-045,أزرق / Blue,
1,4,زمزميات وأكواب / Drinkware,زمزمية رقمية سادة مطفي,Matte digital smart thermos,500 ML - ستيل SUS 316 - مصفاة - شاشة حرارة - طباعة: سلك سكرين / UV,O19030-011,O19030-011,أبيض / White,
1,4,زمزميات وأكواب / Drinkware,زمزمية رقمية سادة مطفي,Matte digital smart thermos,500 ML - ستيل SUS 316 - مصفاة - شاشة حرارة - طباعة: سلك سكرين / UV,O19030-012,O19030-012,أسود / Black,
1,4,زمزميات وأكواب / Drinkware,زمزمية رقمية سادة مطفي,Matte digital smart thermos,500 ML - ستيل SUS 316 - مصفاة - شاشة حرارة - طباعة: سلك سكرين / UV,O19030-013,O19030-013,كحلي / Navy,
1,4,زمزميات وأكواب / Drinkware,زمزمية رقمية,Digital smart thermos,ستيل SUS 316 - مصفاة - شاشة حرارة,O19030-021,O19030-021,أبيض / White,اسم غير مطبوع فوق المجموعة
1,4,زمزميات وأكواب / Drinkware,زمزمية رقمية,Digital smart thermos,ستيل SUS 316 - مصفاة - شاشة حرارة,O19030-022,O19030-022,أسود / Black,اسم غير مطبوع فوق المجموعة
1,4,زمزميات وأكواب / Drinkware,زمزمية رقمية,Digital smart thermos,ستيل SUS 316 - مصفاة - شاشة حرارة,O19030-023,O19030-023,أزرق / Blue,اسم غير مطبوع فوق المجموعة
1,4,زمزميات وأكواب / Drinkware,زمزمية رقمية,Digital smart thermos,ستيل SUS 316 - مصفاة - شاشة حرارة,O19030-025,O19030-025,أخضر / Green,اسم غير مطبوع فوق المجموعة
1,4,زمزميات وأكواب / Drinkware,زمزمية رقمية,Digital smart thermos,ستيل SUS 316 - مصفاة - شاشة حرارة,O19030-026,O19030-026,كحلي / Navy,اسم غير مطبوع فوق المجموعة
1,4,زمزميات وأكواب / Drinkware,زمزمية رقمية,Digital smart thermos,ستيل SUS 316 - مصفاة - شاشة حرارة,O19030-416,O19030-416,بيج / Beige,اسم غير مطبوع فوق المجموعة
1,4,زمزميات وأكواب / Drinkware,زمزمية رقمية,Digital smart thermos,ستيل SUS 316 - مصفاة - شاشة حرارة,O19030-028,O19030-028,أحمر / Red,اسم غير مطبوع فوق المجموعة
1,5,زمزميات وأكواب / Drinkware,زمزمية رقمية مت,Matte digital smart thermos,شاشة حرارة رقمية,O19030-411,O19030-411,أبيض / White,
1,5,زمزميات وأكواب / Drinkware,زمزمية رقمية مت,Matte digital smart thermos,شاشة حرارة رقمية,O19030-412,O19030-412,أسود / Black,
1,5,زمزميات وأكواب / Drinkware,زمزمية رقمية مت,Matte digital smart thermos,شاشة حرارة رقمية,O19030-413,O19030-413,كحلي / Navy,
1,5,زمزميات وأكواب / Drinkware,زمزمية رقمية مت,Matte digital smart thermos,شاشة حرارة رقمية,O19030-414,O19030-414,أخضر / Green,
1,5,زمزميات وأكواب / Drinkware,زمزمية رقمية مت,Matte digital smart thermos,شاشة حرارة رقمية,O19030-416,O19030-416,بيج / Beige,
1,5,زمزميات وأكواب / Drinkware,زمزمية رقمية مت,Matte digital smart thermos,شاشة حرارة رقمية,O19030-028,O19030-028,أحمر / Red,
1,5,زمزميات وأكواب / Drinkware,مطارة شفاف,Clear infuser water bottle,700 ml,O19030-271,O19030-271,أبيض / White,
1,5,زمزميات وأكواب / Drinkware,مطارة شفاف,Clear infuser water bottle,700 ml,O19030-272,O19030-272,كحلي / Navy,
1,5,زمزميات وأكواب / Drinkware,مطارة شفاف,Clear infuser water bottle,700 ml,O19030-273,O19030-273,أخضر / Green,
1,5,زمزميات وأكواب / Drinkware,مطارة شفاف,Clear infuser water bottle,700 ml,O19030-274,O19030-274,أزرق / Blue,
1,5,زمزميات وأكواب / Drinkware,مطارة شفاف,Clear infuser water bottle,700 ml,O19030-275,O19030-275,أحمر / Red,
1,6,زمزميات وأكواب / Drinkware,زمزمية رقمية سادة مطفي (كوب),Matte digital travel tumbler,,O19030-031,O19030-031,أبيض / White,
1,6,زمزميات وأكواب / Drinkware,زمزمية رقمية سادة مطفي (كوب),Matte digital travel tumbler,,O19030-032,O19030-032,أسود / Black,
1,6,زمزميات وأكواب / Drinkware,زمزمية رقمية سادة مطفي (كوب),Matte digital travel tumbler,,O19030-033,O19030-033,كحلي / Navy,
1,6,زمزميات وأكواب / Drinkware,زمزمية ستيل مع علاقة,Steel bottle with carabiner,بوكس كرافت | 500 ML,O19030-191,O19030-191,بيج / Beige,
1,6,زمزميات وأكواب / Drinkware,زمزمية ستيل مع علاقة,Steel bottle with carabiner,بوكس كرافت | 750 ML,O19030-201,O19030-201,بيج / Beige,
1,6,زمزميات وأكواب / Drinkware,زمزمية ستيل مع علاقة,Steel bottle with carabiner,بوكس كرافت | 500 ML,O19030-190,O19030-190,أبيض / White,
1,6,زمزميات وأكواب / Drinkware,زمزمية ستيل مع علاقة,Steel bottle with carabiner,بوكس كرافت | 750 ML,O19030-200,O19030-200,أبيض / White,
1,7,زمزميات وأكواب / Drinkware,زمزمية ستيل,Steel vacuum bottle,500 ML - طباعة: سلك سكرين / UV - بوكس كرافت,O19030-051,O19030-051,أبيض / White,ضمن قسم «مجات وزمزميات»
1,7,زمزميات وأكواب / Drinkware,زمزمية ستيل,Steel vacuum bottle,500 ML - طباعة: سلك سكرين / UV - بوكس كرافت,O19030-052,O19030-052,فضي / Silver,ضمن قسم «مجات وزمزميات»
1,7,زمزميات وأكواب / Drinkware,زمزمية ستيل,Steel vacuum bottle,500 ML - طباعة: سلك سكرين / UV - بوكس كرافت,O19030-053,O19030-053,أسود / Black,ضمن قسم «مجات وزمزميات»
1,7,زمزميات وأكواب / Drinkware,زمزمية ستيل,Steel vacuum bottle,500 ML - طباعة: سلك سكرين / UV - بوكس كرافت,O19030-054,O19030-054,أحمر / Red,ضمن قسم «مجات وزمزميات»
1,7,زمزميات وأكواب / Drinkware,زمزمية ستيل,Steel vacuum bottle,500 ML - طباعة: سلك سكرين / UV - بوكس كرافت,O19030-055,O19030-055,أزرق / Blue,ضمن قسم «مجات وزمزميات»
1,7,زمزميات وأكواب / Drinkware,زمزمية ستيل,Steel vacuum bottle,500 ML - طباعة: سلك سكرين / UV - بوكس كرافت,O19030-056,O19030-056,أخضر / Green,ضمن قسم «مجات وزمزميات»
1,7,زمزميات وأكواب / Drinkware,زمزمية ستيل,Steel vacuum bottle,500 ML - طباعة: سلك سكرين / UV - بوكس كرافت,O19030-057,O19030-057,كحلي / Navy,ضمن قسم «مجات وزمزميات»
1,7,زمزميات وأكواب / Drinkware,زمزمية ستيل,Steel vacuum bottle,500 ML - طباعة: سلك سكرين / UV - بوكس كرافت,O19030-058,O19030-058,بيج / Beige,ضمن قسم «مجات وزمزميات»
1,7,زمزميات وأكواب / Drinkware,زمزمية ستيل,Steel vacuum bottle,500 ML - طباعة: سلك سكرين / UV - بوكس كرافت,O19030-059,O19030-059,وردي / Pink,ضمن قسم «مجات وزمزميات»
1,7,زمزميات وأكواب / Drinkware,مج سيراميك بقاعدة فلين,Ceramic mug with cork base,11x8.8cm - 385 ML - بوكس كرافت,O19030-071,O19030-071,أبيض / White,اسم غير مطبوع
1,7,زمزميات وأكواب / Drinkware,مج سيراميك بقاعدة فلين,Ceramic mug with cork base,11x8.8cm - 385 ML - بوكس كرافت,O19030-072,O19030-072,أسود / Black,اسم غير مطبوع
1,7,زمزميات وأكواب / Drinkware,مج سيراميك بقاعدة فلين,Ceramic mug with cork base,11x8.8cm - 385 ML - بوكس كرافت,O19030-073,O19030-073,أزرق / Blue,اسم غير مطبوع
1,7,زمزميات وأكواب / Drinkware,مج سيراميك بقاعدة فلين,Ceramic mug with cork base,11x8.8cm - 385 ML - بوكس كرافت,O19030-074,O19030-074,بيج / Beige,اسم غير مطبوع
1,7,زمزميات وأكواب / Drinkware,مج سيراميك بقاعدة فلين,Ceramic mug with cork base,11x8.8cm - 385 ML - بوكس كرافت,O19030-075,O19030-075,كحلي / Navy,اسم غير مطبوع
1,7,زمزميات وأكواب / Drinkware,مج ستيل مع غطاء شفاف,Steel mug with clear lid,380 ML - بوكس كرافت,O19030-080,O19030-080,أبيض / White,
1,7,زمزميات وأكواب / Drinkware,مج ستيل مع غطاء شفاف,Steel mug with clear lid,380 ML - بوكس كرافت,O19030-081,O19030-081,أسود / Black,
1,7,زمزميات وأكواب / Drinkware,مج ستيل مع غطاء شفاف,Steel mug with clear lid,380 ML - بوكس كرافت,O19030-082,O19030-082,كحلي / Navy,
1,8,زمزميات وأكواب / Drinkware,مج ستيل مع غطاء شفاف - قاعدة ستيل,"Steel mug with clear lid, steel base",360 ML - بوكس كرافت,O19030-100,O19030-100,أبيض / White,
1,8,زمزميات وأكواب / Drinkware,مج ستيل مع غطاء شفاف - قاعدة ستيل,"Steel mug with clear lid, steel base",360 ML - بوكس كرافت,O19030-101,O19030-101,أسود / Black,
1,8,زمزميات وأكواب / Drinkware,مج ستيل مع غطاء شفاف - قاعدة ستيل,"Steel mug with clear lid, steel base",360 ML - بوكس كرافت,O19030-102,O19030-102,كحلي / Navy,
1,8,زمزميات وأكواب / Drinkware,مج ستيل مع غطاء شفاف,Steel mug with clear lid,350 ML,O19030-110,O19030-110,أبيض / White,
1,8,زمزميات وأكواب / Drinkware,مج ستيل مع غطاء شفاف,Steel mug with clear lid,350 ML,O19030-111,O19030-111,أسود / Black,
1,8,زمزميات وأكواب / Drinkware,مج ستيل مع غطاء شفاف,Steel mug with clear lid,350 ML,O19030-112,O19030-112,أزرق / Blue,
1,8,زمزميات وأكواب / Drinkware,مج ستيل مع غطاء شفاف - قاعدة خشب,"Steel mug with clear lid, wooden base",360 ML - بوكس كرافت,O19030-090,O19030-090,أبيض / White,
1,8,زمزميات وأكواب / Drinkware,مج ستيل مع غطاء شفاف - قاعدة خشب,"Steel mug with clear lid, wooden base",360 ML - بوكس كرافت,O19030-091,O19030-091,أسود / Black,
1,8,زمزميات وأكواب / Drinkware,مج ستيل مع غطاء شفاف - قاعدة خشب,"Steel mug with clear lid, wooden base",360 ML - بوكس كرافت,O19030-092,O19030-092,كحلي / Navy,
1,9,زمزميات وأكواب / Drinkware,كوب ستيل بقاعدة فلين,Steel tumbler with cork base,600 ML - بوكس كرافت,O19030-120,O19030-120,أبيض / White,ضمن قسم «مجات وزمزميات» - اسم غير مطبوع
1,9,زمزميات وأكواب / Drinkware,كوب ستيل بقاعدة فلين,Steel tumbler with cork base,600 ML - بوكس كرافت,O19030-121,O19030-121,أسود / Black,ضمن قسم «مجات وزمزميات» - اسم غير مطبوع
1,9,زمزميات وأكواب / Drinkware,كوب ستيل بقاعدة فلين,Steel tumbler with cork base,600 ML - بوكس كرافت,O19030-122,O19030-122,أزرق / Blue,ضمن قسم «مجات وزمزميات» - اسم غير مطبوع
1,9,زمزميات وأكواب / Drinkware,كوب ستيل مع غطاء,Steel tumbler with lid,450 ML - بوكس كرافت,O19030-130,O19030-130,أبيض / White,اسم غير مطبوع
1,9,زمزميات وأكواب / Drinkware,كوب ستيل مع غطاء,Steel tumbler with lid,450 ML - بوكس كرافت,O19030-131,O19030-131,أسود / Black,اسم غير مطبوع
1,9,زمزميات وأكواب / Drinkware,كوب ستيل مع غطاء,Steel tumbler with lid,450 ML - بوكس كرافت,O19030-132,O19030-132,أزرق / Blue,اسم غير مطبوع
1,10,زمزميات وأكواب / Drinkware,مج ستيل مع غطاء شفاف,Steel mug with clear lid,600 ML - طباعة: سلك سكرين - بوكس كرافت,O19030-140,O19030-140,أبيض / White,
1,10,زمزميات وأكواب / Drinkware,مج ستيل مع غطاء شفاف,Steel mug with clear lid,600 ML - طباعة: سلك سكرين - بوكس كرافت,O19030-141,O19030-141,أسود / Black,
1,10,زمزميات وأكواب / Drinkware,مج ستيل مع غطاء شفاف,Steel mug with clear lid,600 ML - طباعة: سلك سكرين - بوكس كرافت,O19030-142,O19030-142,أزرق / Blue,
1,10,زمزميات وأكواب / Drinkware,زمزمية ستيل مع غطاء خشب و تعليقة,Steel bottle with wooden lid & carabiner,600 ML - بوكس كرافت,O19030-150,O19030-150,أبيض / White,
1,10,زمزميات وأكواب / Drinkware,زمزمية ستيل مع غطاء خشب و تعليقة,Steel bottle with wooden lid & carabiner,600 ML - بوكس كرافت,O19030-151,O19030-151,أسود / Black,
1,10,زمزميات وأكواب / Drinkware,زمزمية ستيل مع غطاء خشب و تعليقة,Steel bottle with wooden lid & carabiner,600 ML - بوكس كرافت,O19030-152,O19030-152,كحلي / Navy,
1,10,زمزميات وأكواب / Drinkware,زمزمية ستيل مع غطاء خشب و حامل,Steel bottle with wooden lid & handle,400 ML - بوكس كرافت,O19030-160,O19030-160,أبيض / White,
1,10,زمزميات وأكواب / Drinkware,زمزمية ستيل مع غطاء خشب و حامل,Steel bottle with wooden lid & handle,400 ML - بوكس كرافت,O19030-161,O19030-161,أسود / Black,
1,10,زمزميات وأكواب / Drinkware,زمزمية ستيل مع غطاء خشب و حامل,Steel bottle with wooden lid & handle,400 ML - بوكس كرافت,O19030-162,O19030-162,كحلي / Navy,
1,11,زمزميات وأكواب / Drinkware,زمزمية ستيل مع غطاء حديد,Steel bottle with steel lid,500 ML - بوكس كرافت,O19030-170,O19030-170,أبيض / White,
1,11,زمزميات وأكواب / Drinkware,زمزمية ستيل مع غطاء حديد,Steel bottle with steel lid,500 ML - بوكس كرافت,O19030-171,O19030-171,أسود / Black,
1,11,زمزميات وأكواب / Drinkware,زمزمية ستيل مع غطاء حديد,Steel bottle with steel lid,500 ML - بوكس كرافت,O19030-172,O19030-172,كحلي / Navy,
1,11,زمزميات وأكواب / Drinkware,زمزمية ستيل مع غطاء خشب,Steel bottle with wooden lid,500 ML - طباعة: سلك سكرين - بوكس كرافت,O19030-180,O19030-180,أبيض / White,
1,11,زمزميات وأكواب / Drinkware,زمزمية ستيل مع غطاء خشب,Steel bottle with wooden lid,500 ML - طباعة: سلك سكرين - بوكس كرافت,O19030-181,O19030-181,أسود / Black,
1,11,زمزميات وأكواب / Drinkware,زمزمية ستيل مع غطاء خشب,Steel bottle with wooden lid,500 ML - طباعة: سلك سكرين - بوكس كرافت,O19030-182,O19030-182,كحلي / Navy,
1,11,زمزميات وأكواب / Drinkware,زمزمية ستيل مطفي - قاعدة فلين - غطاء شفاف,"Matte steel tumbler, cork base, clear lid",430 ML - بوكس كرافت,O19030-211,O19030-211,أبيض / White,
1,11,زمزميات وأكواب / Drinkware,زمزمية ستيل مطفي - قاعدة فلين - غطاء شفاف,"Matte steel tumbler, cork base, clear lid",430 ML - بوكس كرافت,O19030-212,O19030-212,أسود / Black,
1,11,زمزميات وأكواب / Drinkware,زمزمية ستيل مطفي - قاعدة فلين - غطاء شفاف,"Matte steel tumbler, cork base, clear lid",430 ML - بوكس كرافت,O19030-213,O19030-213,كحلي / Navy,
1,12,زمزميات وأكواب / Drinkware,مج ستيل مطفي غطاء شفاف,Matte steel mug with clear lid,380 ML - بوكس كرافت,O19030-221,O19030-221,أبيض / White,
1,12,زمزميات وأكواب / Drinkware,مج ستيل مطفي غطاء شفاف,Matte steel mug with clear lid,380 ML - بوكس كرافت,O19030-222,O19030-222,أسود / Black,
1,12,زمزميات وأكواب / Drinkware,مج ستيل مطفي غطاء شفاف,Matte steel mug with clear lid,380 ML - بوكس كرافت,O19030-223,O19030-223,كحلي / Navy,
1,12,زمزميات وأكواب / Drinkware,مج ستيل مع غطاء شفاف,Steel mug with clear lid,420 ML - بوكس كرافت,O19030-231,O19030-231,أبيض / White,
1,12,زمزميات وأكواب / Drinkware,مج ستيل مع غطاء شفاف,Steel mug with clear lid,420 ML - بوكس كرافت,O19030-232,O19030-232,أسود / Black,
1,12,زمزميات وأكواب / Drinkware,مج ستيل مع غطاء شفاف,Steel mug with clear lid,420 ML - بوكس كرافت,O19030-233,O19030-233,كحلي / Navy,
1,12,زمزميات وأكواب / Drinkware,مج ستيل بقاعدة خشب,Steel mug with wooden base,,O19030-241,O19030-241,أبيض / White,اسم غير مطبوع
1,12,زمزميات وأكواب / Drinkware,مج ستيل بقاعدة خشب,Steel mug with wooden base,,O19030-242,O19030-242,أسود / Black,اسم غير مطبوع
1,12,زمزميات وأكواب / Drinkware,مج ستيل بقاعدة خشب,Steel mug with wooden base,,O19030-243,O19030-243,كحلي / Navy,اسم غير مطبوع
1,12,زمزميات وأكواب / Drinkware,مج مطفي غطاء شفاف,Matte mug with clear lid,300 ML - بوكس كرافت,O19030-251,O19030-251,أبيض / White,
1,12,زمزميات وأكواب / Drinkware,مج مطفي غطاء شفاف,Matte mug with clear lid,300 ML - بوكس كرافت,O19030-252,O19030-252,أسود / Black,
1,12,زمزميات وأكواب / Drinkware,مج مطفي غطاء شفاف,Matte mug with clear lid,300 ML - بوكس كرافت,O19030-253,O19030-253,كحلي / Navy,
1,13,زمزميات وأكواب / Drinkware,مج ساده الأصلي - هاف مليون ½M,Original plain mug (Half Million ½M),طباعة: سلك سكرين,O19030-259,O19030-259,برتقالي / Orange,
1,13,زمزميات وأكواب / Drinkware,مج ساده الأصلي - هاف مليون ½M,Original plain mug (Half Million ½M),طباعة: سلك سكرين,O19030-260,O19030-260,رمادي / Gray,
1,13,زمزميات وأكواب / Drinkware,مج ساده الأصلي - هاف مليون ½M,Original plain mug (Half Million ½M),طباعة: سلك سكرين,O19030-261,O19030-261,أبيض / White,
1,13,زمزميات وأكواب / Drinkware,مج ساده الأصلي - هاف مليون ½M,Original plain mug (Half Million ½M),طباعة: سلك سكرين,O19030-262,O19030-262,أسود / Black,
1,13,زمزميات وأكواب / Drinkware,مج ساده الأصلي - هاف مليون ½M,Original plain mug (Half Million ½M),طباعة: سلك سكرين,O19030-263,O19030-263,كحلي / Navy,
1,13,زمزميات وأكواب / Drinkware,مج ساده الأصلي - هاف مليون ½M,Original plain mug (Half Million ½M),طباعة: سلك سكرين,O19030-264,O19030-264,أخضر / Green,
1,13,زمزميات وأكواب / Drinkware,مج ساده الأصلي - هاف مليون ½M,Original plain mug (Half Million ½M),طباعة: سلك سكرين,O19030-265,O19030-265,وردي / Pink,
1,13,زمزميات وأكواب / Drinkware,مج ساده الأصلي - هاف مليون ½M,Original plain mug (Half Million ½M),طباعة: سلك سكرين,O19030-266,O19030-266,ليلكي / Lilac,
1,13,زمزميات وأكواب / Drinkware,مج ساده الأصلي - هاف مليون ½M,Original plain mug (Half Million ½M),طباعة: سلك سكرين,O19030-267,O19030-267,أزرق فاتح / Light blue,
1,13,زمزميات وأكواب / Drinkware,مج ساده الأصلي - هاف مليون ½M,Original plain mug (Half Million ½M),طباعة: سلك سكرين,O19030-268,O19030-268,عنابي / Maroon,
1,13,زمزميات وأكواب / Drinkware,مج ساده الأصلي - هاف مليون ½M,Original plain mug (Half Million ½M),طباعة: سلك سكرين,O19030-269,O19030-269,بيج / Beige,
1,13,زمزميات وأكواب / Drinkware,مج ساده الأصلي - هاف مليون ½M,Original plain mug (Half Million ½M),طباعة: سلك سكرين,O19030-270,O19030-270,أصفر / Yellow,
1,13,زمزميات وأكواب / Drinkware,زمزمية ستيل سادة,Plain steel tumbler,,O19030-321,O19030-321,أبيض / White,
1,13,زمزميات وأكواب / Drinkware,زمزمية ستيل سادة,Plain steel tumbler,,O19030-322,O19030-322,أسود / Black,
1,13,زمزميات وأكواب / Drinkware,زمزمية ستيل سادة,Plain steel tumbler,,O19030-323,O19030-323,كحلي / Navy,
1,13,زمزميات وأكواب / Drinkware,زمزمية ستيل سادة,Plain steel tumbler,,O19030-324,O19030-324,أخضر / Green,
1,13,زمزميات وأكواب / Drinkware,زمزمية ستيل سادة,Plain steel tumbler,,O19030-325,O19030-325,أحمر / Red,
1,13,زمزميات وأكواب / Drinkware,زمزمية ستيل سادة,Plain steel tumbler,,O19030-326,O19030-326,بيج / Beige,
1,14,زمزميات وأكواب / Drinkware,مج عنابي مط (قاعدة فلين),Matte tumbler with cork base,قاعدة فلين,O19030-301,O19030-301,أبيض / White,
1,14,زمزميات وأكواب / Drinkware,مج عنابي مط (قاعدة فلين),Matte tumbler with cork base,قاعدة فلين,O19030-302,O19030-302,أسود / Black,
1,14,زمزميات وأكواب / Drinkware,مج عنابي مط (قاعدة فلين),Matte tumbler with cork base,قاعدة فلين,O19030-303,O19030-303,كحلي / Navy,
1,14,زمزميات وأكواب / Drinkware,مج عنابي مط (قاعدة فلين),Matte tumbler with cork base,قاعدة فلين,O19030-304,O19030-304,أخضر / Green,
1,14,زمزميات وأكواب / Drinkware,مج عنابي مط (قاعدة فلين),Matte tumbler with cork base,قاعدة فلين,O19030-305,O19030-305,عنابي / Maroon,
1,14,زمزميات وأكواب / Drinkware,مج عنابي مط (قاعدة فلين),Matte tumbler with cork base,قاعدة فلين,O19030-306,O19030-306,بيج / Beige,
1,14,زمزميات وأكواب / Drinkware,كوب جامبو مط,Matte jumbo tumbler with handle,1200 ML - مطاط ربر لمنع الانزلاق,O19030-312,O19030-312,فضي / Silver,
1,14,زمزميات وأكواب / Drinkware,كوب جامبو مط,Matte jumbo tumbler with handle,1200 ML - مطاط ربر لمنع الانزلاق,O19030-311,O19030-311,كحلي / Navy,
1,15,زمزميات وأكواب / Drinkware,مج عنابي مط (قاعدة فلين),Matte fluted tumbler,,O19030-371,O19030-371,أبيض / White,
1,15,زمزميات وأكواب / Drinkware,مج عنابي مط (قاعدة فلين),Matte fluted tumbler,,O19030-372,O19030-372,أسود / Black,
1,15,زمزميات وأكواب / Drinkware,مج عنابي مط (قاعدة فلين),Matte fluted tumbler,,O19030-373,O19030-373,أزرق / Blue,
1,15,زمزميات وأكواب / Drinkware,مج عنابي مط (قاعدة فلين),Matte fluted tumbler,,O19030-374,O19030-374,أخضر / Green,
1,15,زمزميات وأكواب / Drinkware,مج عنابي مط (قاعدة فلين),Matte fluted tumbler,,O19030-375,O19030-375,أحمر / Red,
1,15,زمزميات وأكواب / Drinkware,مج عنابي مط (قاعدة فلين),Matte fluted tumbler,,O19030-376,O19030-376,بيج / Beige,
1,16,مجات / Mugs,كوب سحري لماع,Magic colour-changing mug (glossy),يتغير لونه مع الحرارة - لماع,O19005-005,O19005-005,أسود / Black,
1,16,مجات / Mugs,كوب سحري مطفي,Magic colour-changing mug (matte),يتغير لونه مع الحرارة - مطفي,O19005-006,O19005-006,أسود / Black,
1,16,مجات / Mugs,كوب أسود,Black mug,,O19006-002,O19006-002,أسود / Black,
1,16,مجات / Mugs,كوب أبيض سادة,Plain white mug,,O19005-001,O19005-001,أبيض / White,
1,16,مجات / Mugs,كوب أبيض بيد قلب,White mug with heart handle,,O19005-002,O19005-002,أبيض / White,
1,16,مجات / Mugs,كوب أبيض بحافة ويد سوداء,White mug with black rim & handle,,O19005-004,O19005-004,أبيض / أسود / White / Black,
1,16,مجات / Mugs,كوب ملون من الداخل مع ملعقة,Inner-colour mug with spoon,ألوان متعددة,O19005-003,O19005-003,متعدد الألوان / Multicolour,
1,16,مجات / Mugs,بوكس كرفت للكوب,Kraft mug box,,O19005-101,O19005-101,كرافت / Kraft,
1,16,مجات / Mugs,بوكس أبيض للكوب,White mug box,,O19005-100,O19005-100,أبيض / White,
1,17,أقلام / Pens,قلم معدني,Metal pen (soft-touch),طباعة: سلك سكرين / UV,O19021-020,O19021-020,أسود / Black,قسم «أقلام معدنية»
1,17,أقلام / Pens,قلم معدني,Metal pen (soft-touch),طباعة: سلك سكرين / UV,O19021-021,O19021-021,أبيض / White,قسم «أقلام معدنية»
1,17,أقلام / Pens,قلم معدني,Metal pen (soft-touch),طباعة: سلك سكرين / UV,O19021-022,O19021-022,أزرق / Blue,قسم «أقلام معدنية»
1,17,أقلام / Pens,قلم معدني,Metal pen (soft-touch),طباعة: سلك سكرين / UV,O19021-023,O19021-023,أخضر فاتح / Light green,قسم «أقلام معدنية»
1,17,أقلام / Pens,قلم معدني,Metal pen (soft-touch),طباعة: سلك سكرين / UV,O19021-024,O19021-024,أخضر / Green,قسم «أقلام معدنية»
1,17,أقلام / Pens,قلم معدني,Metal pen (soft-touch),طباعة: سلك سكرين / UV,O19021-025,O19021-025,بيج / Beige,قسم «أقلام معدنية»
1,17,أقلام / Pens,قلم معدني,Metal pen (soft-touch),طباعة: سلك سكرين / UV,O19021-026,O19021-026,كحلي / Navy,قسم «أقلام معدنية»
1,17,أقلام / Pens,قلم معدني,Metal pen (soft-touch),طباعة: سلك سكرين / UV,O19021-027,O19021-027,أحمر / Red,قسم «أقلام معدنية»
1,17,أقلام / Pens,قلم معدني,Metal pen (soft-touch),طباعة: سلك سكرين / UV,O19021-028,O19021-028,وردي / Pink,قسم «أقلام معدنية»
1,17,أقلام / Pens,قلم معدني,Metal pen (soft-touch),طباعة: سلك سكرين / UV,O19021-029,O19021-029,ليلكي / Lilac,قسم «أقلام معدنية»
1,17,أقلام / Pens,قلم معدني,Metal pen (soft-touch),طباعة: سلك سكرين / UV,O19021-030,O19021-030,رمادي / Gray,قسم «أقلام معدنية»
1,17,أقلام / Pens,قلم معدني,Metal pen,طباعة: UV - سلك سكرين - ليزر,O19021-051,O19021-051,رصاصي / Gunmetal,
1,17,أقلام / Pens,قلم معدني,Metal pen,طباعة: UV - سلك سكرين - ليزر,O19021-052,O19021-052,أزرق / Blue,
1,17,أقلام / Pens,قلم معدني,Metal pen,طباعة: UV - سلك سكرين - ليزر,O19021-053,O19021-053,أبيض / White,
1,17,أقلام / Pens,قلم معدني,Metal pen,طباعة: UV - سلك سكرين - ليزر,O19021-054,O19021-054,أخضر / Green,
1,17,أقلام / Pens,قلم معدني,Metal pen,طباعة: UV - سلك سكرين - ليزر,O19021-055,O19021-055,فضي / Silver,
1,17,أقلام / Pens,قلم معدني,Metal pen (twist),طباعة: UV - سلك سكرين - ليزر,O19021-001,O19021-001,أسود / Black,
1,17,أقلام / Pens,قلم معدني,Metal pen (twist),طباعة: UV - سلك سكرين - ليزر,O19021-002,O19021-002,أبيض / White,
1,17,أقلام / Pens,قلم معدني,Metal pen (twist),طباعة: UV - سلك سكرين - ليزر,O19021-003,O19021-003,كحلي / Navy,
1,18,أقلام / Pens,قلم الومنيوم مع ربر,Aluminium pen with stylus tip,طباعة: UV - سلك سكرين - ليزر,O19021-031,O19021-031,أسود / Black,
1,18,أقلام / Pens,قلم الومنيوم مع ربر,Aluminium pen with stylus tip,طباعة: UV - سلك سكرين - ليزر,O19021-032,O19021-032,أبيض / White,
1,18,أقلام / Pens,قلم الومنيوم مع ربر,Aluminium pen with stylus tip,طباعة: UV - سلك سكرين - ليزر,O19021-033,O19021-033,كحلي / Navy,
1,18,أقلام / Pens,قلم الومنيوم مع ربر,Aluminium pen with stylus tip,طباعة: UV - سلك سكرين - ليزر,O19021-034,O19021-034,أخضر / Green,
1,18,أقلام / Pens,قلم الومنيوم مع ربر,Aluminium pen with stylus tip,طباعة: UV - سلك سكرين - ليزر,O19021-035,O19021-035,أحمر / Red,
1,18,أقلام / Pens,قلم الومنيوم مع ربر,Aluminium pen with stylus tip,طباعة: UV - سلك سكرين - ليزر,O19021-036,O19021-036,فلين / Cork,
1,18,أقلام / Pens,قلم معدن لماع,Glossy metal pen,طباعة: UV - سلك سكرين - ليزر,O19021-121,O19021-121,أسود / Black,
1,18,أقلام / Pens,قلم معدن لماع,Glossy metal pen,طباعة: UV - سلك سكرين - ليزر,O19021-122,O19021-122,أبيض / White,
1,18,أقلام / Pens,قلم معدن لماع,Glossy metal pen,طباعة: UV - سلك سكرين - ليزر,O19021-123,O19021-123,كحلي / Navy,
1,18,أقلام / Pens,قلم معدن لماع,Glossy metal pen,طباعة: UV - سلك سكرين - ليزر,O19021-124,O19021-124,أخضر / Green,
1,18,أقلام / Pens,قلم معدن لماع,Glossy metal pen,طباعة: UV - سلك سكرين - ليزر,O19021-125,O19021-125,فضي / Silver,
1,18,أقلام / Pens,قلم معدن لماع,Glossy metal pen (textured),طباعة: UV - سلك سكرين - ليزر,O19021-101,O19021-101,فضي / Silver,
1,18,أقلام / Pens,قلم معدن لماع,Glossy metal pen (textured),طباعة: UV - سلك سكرين - ليزر,O19021-131,O19021-131,أسود / Black,
1,18,أقلام / Pens,قلم معدن لماع,Glossy metal pen (textured),طباعة: UV - سلك سكرين - ليزر,O19021-132,O19021-132,أبيض / White,
1,18,أقلام / Pens,قلم معدن لماع,Glossy metal pen (textured),طباعة: UV - سلك سكرين - ليزر,O19021-133,O19021-133,كحلي / Navy,
1,18,أقلام / Pens,قلم معدن لماع,Glossy metal pen (textured),طباعة: UV - سلك سكرين - ليزر,O19021-134,O19021-134,أخضر / Green,
1,18,أقلام / Pens,قلم معدن لماع,Glossy metal pen (textured),طباعة: UV - سلك سكرين - ليزر,O19021-135,O19021-135,رمادي / Gray,
1,18,أقلام / Pens,قلم فاخر معدن,Premium metal pen,طباعة: UV - سلك سكرين - ليزر,O19021-141,O19021-141,أسود / Black,
1,18,أقلام / Pens,قلم فاخر معدن,Premium metal pen,طباعة: UV - سلك سكرين - ليزر,O19021-142,O19021-142,أبيض / White,
1,18,أقلام / Pens,قلم فاخر معدن,Premium metal pen,طباعة: UV - سلك سكرين - ليزر,O19021-143,O19021-143,كحلي / Navy,
1,18,أقلام / Pens,قلم فاخر معدن,Premium metal pen,طباعة: UV - سلك سكرين - ليزر,O19021-144,O19021-144,أخضر / Green,
1,18,أقلام / Pens,قلم فاخر معدن,Premium metal pen,طباعة: UV - سلك سكرين - ليزر,O19021-145,O19021-145,فضي / Silver,
1,19,أقلام / Pens,قلم فاخر معدن محزز,Premium grooved metal pen,,O19021-161,O19021-161,أبيض / White,
1,19,أقلام / Pens,قلم فاخر معدن محزز,Premium grooved metal pen,,O19021-162,O19021-162,أسود / Black,
1,19,أقلام / Pens,قلم فاخر معدن محزز,Premium grooved metal pen,,O19021-163,O19021-163,كحلي / Navy,
1,19,أقلام / Pens,قلم فاخر معدن محزز,Premium grooved metal pen,,O19021-164,O19021-164,أخضر / Green,
1,19,أقلام / Pens,قلم فاخر معدن محزز,Premium grooved metal pen,,O19021-165,O19021-165,أحمر / Red,
1,19,أقلام / Pens,قلم فاخر معدن محزز,Premium grooved metal pen,,O19021-166,O19021-166,رمادي / Gray,
1,19,أقلام / Pens,قلم فاخر معدن محزز,Premium grooved metal pen (clip),,O19021-171,O19021-171,أبيض / White,
1,19,أقلام / Pens,قلم فاخر معدن محزز,Premium grooved metal pen (clip),,O19021-172,O19021-172,أسود / Black,
1,19,أقلام / Pens,قلم فاخر معدن محزز,Premium grooved metal pen (clip),,O19021-173,O19021-173,كحلي / Navy,
1,19,أقلام / Pens,قلم فاخر معدن محزز,Premium grooved metal pen (clip),,O19021-174,O19021-174,أخضر / Green,
1,19,أقلام / Pens,قلم فاخر معدن محزز,Premium grooved metal pen (clip),,O19021-175,O19021-175,أحمر / Red,
1,19,أقلام / Pens,قلم فاخر معدن محزز,Premium grooved metal pen (clip),,O19021-176,O19021-176,ليلكي / Lilac,
1,19,أقلام / Pens,قلم معدني,Metal pen,,O19021-041,O19021-041,أزرق معدني / Metallic blue,اسم غير مطبوع
1,20,أدوات مكتبية وحوامل إعلانات / Stationery & sign holders,علبة الوان خشبية,Wooden colour pencils box,4.5 × 9 cm,O19024-002,O19024-002,كرافت / Kraft,
1,20,أدوات مكتبية وحوامل إعلانات / Stationery & sign holders,علبة الوان خشبية مع براية,Wooden colour pencils tube with sharpener,,O19024-001,O19024-001,كرافت / Kraft,
1,20,أدوات مكتبية وحوامل إعلانات / Stationery & sign holders,الوان خشبية بكرت,Wooden colour pencils in card box,,O19024-003,O19024-003,كرافت / Kraft,
1,21,أقلام / Pens,قلم دعاية بلاستيك,Plastic promotional pen,المقاس 147x11mm - لون الحبر أزرق - طباعة: سلك سكرين / UV,O19021-061,O19021-061,أسود / Black,قسم «أقلام بلاستيكية»
1,21,أقلام / Pens,قلم دعاية بلاستيك,Plastic promotional pen,المقاس 147x11mm - لون الحبر أزرق - طباعة: سلك سكرين / UV,O19021-062,O19021-062,أزرق / Blue,قسم «أقلام بلاستيكية»
1,21,أقلام / Pens,قلم دعاية بلاستيك,Plastic promotional pen,المقاس 147x11mm - لون الحبر أزرق - طباعة: سلك سكرين / UV,O19021-063,O19021-063,أخضر / Green,قسم «أقلام بلاستيكية»
1,21,أقلام / Pens,قلم دعاية بلاستيك,Plastic promotional pen,المقاس 147x11mm - لون الحبر أزرق - طباعة: سلك سكرين / UV,O19021-064,O19021-064,أحمر / Red,قسم «أقلام بلاستيكية»
1,21,أقلام / Pens,قلم دعاية بلاستيك,Plastic promotional pen (twist),لون الحبر أزرق - طباعة: سلك سكرين / UV,O19021-071,O19021-071,أسود / Black,
1,21,أقلام / Pens,قلم دعاية بلاستيك,Plastic promotional pen (twist),لون الحبر أزرق - طباعة: سلك سكرين / UV,O19021-072,O19021-072,كحلي / Navy,
1,21,أقلام / Pens,قلم دعاية بلاستيك,Plastic promotional pen (twist),لون الحبر أزرق - طباعة: سلك سكرين / UV,O19021-073,O19021-073,أخضر / Green,
1,21,أقلام / Pens,قلم دعاية بلاستيك,Plastic promotional pen (twist),لون الحبر أزرق - طباعة: سلك سكرين / UV,O19021-074,O19021-074,أحمر / Red,
1,21,أقلام / Pens,قلم بلاستيك,Plastic pen,,O19021-081,O19021-081,أسود / Black,اسم غير مطبوع - اللونان البني والبنفسجي بدون رقم موديل مطبوع
1,21,أقلام / Pens,قلم بلاستيك,Plastic pen,,O19021-082,O19021-082,أبيض / White,اسم غير مطبوع - اللونان البني والبنفسجي بدون رقم موديل مطبوع
1,21,أقلام / Pens,قلم بلاستيك,Plastic pen,,O19021-083,O19021-083,كحلي / Navy,اسم غير مطبوع - اللونان البني والبنفسجي بدون رقم موديل مطبوع
1,21,أقلام / Pens,قلم بلاستيك,Plastic pen,,O19021-084,O19021-084,أزرق / Blue,اسم غير مطبوع - اللونان البني والبنفسجي بدون رقم موديل مطبوع
1,21,أقلام / Pens,قلم بلاستيك,Plastic pen,,O19021-085,O19021-085,أخضر / Green,اسم غير مطبوع - اللونان البني والبنفسجي بدون رقم موديل مطبوع
1,21,أقلام / Pens,قلم بلاستيك,Plastic pen,,O19021-086,O19021-086,رمادي / Gray,اسم غير مطبوع - اللونان البني والبنفسجي بدون رقم موديل مطبوع
1,21,أقلام / Pens,قلم بلاستيك,Plastic pen,,O19021-087,O19021-087,بيج / Beige,اسم غير مطبوع - اللونان البني والبنفسجي بدون رقم موديل مطبوع
1,21,أقلام / Pens,قلم بلاستيك,Plastic pen,,O19021-089,O19021-089,وردي / Pink,اسم غير مطبوع - اللونان البني والبنفسجي بدون رقم موديل مطبوع
1,21,أقلام / Pens,قلم بلاستيك,Plastic pen,,O19021-091,O19021-091,برتقالي / Orange,اسم غير مطبوع - اللونان البني والبنفسجي بدون رقم موديل مطبوع
1,21,أقلام / Pens,قلم بلاستيك,Plastic pen,,?,O?-p021-3-10,بني / Brown,اسم غير مطبوع - اللونان البني والبنفسجي بدون رقم موديل مطبوع
1,21,أقلام / Pens,قلم بلاستيك,Plastic pen,,?,O?-p021-3-11,ليلكي / Lilac,اسم غير مطبوع - اللونان البني والبنفسجي بدون رقم موديل مطبوع
1,22,ميداليات / Keychains,ميدالية جلد مع بوكس,Leather keychain with box,مقاس 12 x 2.3 CM - يقبل طباعة,O19052-001,O19052-001,أبيض / White,
1,22,ميداليات / Keychains,ميدالية جلد مع بوكس,Leather keychain with box,مقاس 12 x 2.3 CM - يقبل طباعة,O19052-002,O19052-002,أسود / Black,
1,22,ميداليات / Keychains,ميدالية جلد مع بوكس,Leather keychain with box,مقاس 12 x 2.3 CM - يقبل طباعة,O19052-003,O19052-003,كحلي / Navy,
1,22,ميداليات / Keychains,ميدالية جلد مع بوكس,Leather keychain with box,مقاس 12 x 2.3 CM - يقبل طباعة,O19052-004,O19052-004,أخضر / Green,
1,22,ميداليات / Keychains,ميدالية جلد مع بوكس,Leather keychain with box,مقاس 12 x 2.3 CM - يقبل طباعة,O19052-005,O19052-005,فلين / Cork,
1,22,ميداليات / Keychains,ميدالية جلد مع بوكس,Leather & metal keychain with box,مقاس 9 x 2 CM - يقبل طباعة,O19052-011,O19052-011,أبيض / White,
1,22,ميداليات / Keychains,ميدالية جلد مع بوكس,Leather & metal keychain with box,مقاس 9 x 2 CM - يقبل طباعة,O19052-012,O19052-012,أسود / Black,
1,22,ميداليات / Keychains,ميدالية جلد مع بوكس,Leather & metal keychain with box,مقاس 9 x 2 CM - يقبل طباعة,O19052-013,O19052-013,كحلي / Navy,
1,22,ميداليات / Keychains,ميدالية جلد مع بوكس,Leather & metal keychain with box,مقاس 9 x 2 CM - يقبل طباعة,O19052-014,O19052-014,أخضر / Green,
1,22,ميداليات / Keychains,ميدالية جلد مع بوكس,Leather & metal keychain with box,مقاس 9 x 2 CM - يقبل طباعة,O19052-015,O19052-015,عنابي / Maroon,
1,22,ميداليات / Keychains,ميدالية جلد مع بوكس,Leather & metal keychain with box,مقاس 9 x 2 CM - يقبل طباعة,O19052-016,O19052-016,فلين / Cork,
1,23,ميداليات / Keychains,ميدالية معدن جلد مع علبة,Metal & leather keychain in gift box,,O19052-031,O19052-031,أبيض / White,
1,23,ميداليات / Keychains,ميدالية معدن جلد مع علبة,Metal & leather keychain in gift box,,O19052-032,O19052-032,أسود / Black,
1,23,ميداليات / Keychains,ميدالية معدن جلد مع علبة,Metal & leather keychain in gift box,,O19052-033,O19052-033,أزرق / Blue,
1,23,ميداليات / Keychains,ميدالية معدن جلد مع علبة,Metal & leather keychain in gift box,,O19052-034,O19052-034,تركوازي / Teal,
1,23,ميداليات / Keychains,ميدالية معدن جلد مع علبة,Metal & leather keychain in gift box,,O19052-035,O19052-035,كريمي / Cream,
1,23,ميداليات / Keychains,ميدالية معدن جلد مع علبة,Metal & leather keychain in gift box,,O19052-036,O19052-036,بيج / Beige,
1,23,ميداليات / Keychains,حلقة ميدالية مع سلسلة,Keyring with chain,,O19080-061,O19080-061,فضي / Silver,اسم غير مطبوع
1,23,ميداليات / Keychains,حلقة ميدالية مع سلسلة,Keyring with chain,,O19080-062,O19080-062,ذهبي / Gold,اسم غير مطبوع
1,23,ميداليات / Keychains,حلقة ميدالية مع سلسلة,Keyring with chain,,O19080-065,O19080-065,رصاصي / Gunmetal,اسم غير مطبوع
1,23,ميداليات / Keychains,حلقة ميدالية مع سلسلة,Keyring with chain,,O19080-066,O19080-066,روز جولد / Rose gold,اسم غير مطبوع
1,23,ميداليات / Keychains,حلقة ميدالية مع سلسلة,Keyring with chain,,O19080-067,O19080-067,أسود / Black,اسم غير مطبوع
1,24,دفاتر ونوت بوك / Notebooks,دفتر نوت بوك (PVC),Notebook (PVC),Material: PVC - 80 ورقة 70 جرام - طباعة: بصمة حراري - سلك سكرين - DTF - UV,O19050-001,O19050-001,أبيض / White,
1,24,دفاتر ونوت بوك / Notebooks,دفتر نوت بوك (PVC),Notebook (PVC),Material: PVC - 80 ورقة 70 جرام - طباعة: بصمة حراري - سلك سكرين - DTF - UV,O19050-002,O19050-002,أسود / Black,
1,24,دفاتر ونوت بوك / Notebooks,دفتر نوت بوك (PVC),Notebook (PVC),Material: PVC - 80 ورقة 70 جرام - طباعة: بصمة حراري - سلك سكرين - DTF - UV,O19050-003,O19050-003,كحلي / Navy,
1,24,دفاتر ونوت بوك / Notebooks,دفتر نوت بوك (PVC),Notebook (PVC),Material: PVC - 80 ورقة 70 جرام - طباعة: بصمة حراري - سلك سكرين - DTF - UV,O19050-004,O19050-004,بيج / Beige,
1,24,دفاتر ونوت بوك / Notebooks,دفتر نوت بوك (PVC),Notebook (PVC),Material: PVC - 80 ورقة 70 جرام - طباعة: بصمة حراري - سلك سكرين - DTF - UV,O19050-005,O19050-005,أخضر / Green,
1,24,دفاتر ونوت بوك / Notebooks,دفتر نوت بوك (PVC),Notebook (PVC),Material: PVC - 80 ورقة 70 جرام - طباعة: بصمة حراري - سلك سكرين - DTF - UV,O19050-006,O19050-006,وردي / Pink,
1,24,دفاتر ونوت بوك / Notebooks,دفتر نوت بوك (PVC),Notebook (PVC),Material: PVC - 80 ورقة 70 جرام - طباعة: بصمة حراري - سلك سكرين - DTF - UV,O19050-007,O19050-007,برتقالي / Orange,
1,24,دفاتر ونوت بوك / Notebooks,دفتر نوت بوك (PVC),Notebook (PVC),Material: PVC - 80 ورقة 70 جرام - طباعة: بصمة حراري - سلك سكرين - DTF - UV,O19050-008,O19050-008,بني / Brown,
1,24,دفاتر ونوت بوك / Notebooks,دفتر نوت بوك (PVC),Notebook (PVC),Material: PVC - 80 ورقة 70 جرام - طباعة: بصمة حراري - سلك سكرين - DTF - UV,O19050-009,O19050-009,بنفسجي / Purple,
1,24,دفاتر ونوت بوك / Notebooks,دفتر نوت بوك (PU),Notebook (PU),Material: PU - 100 ورقة 70 جرام,O19050-011,O19050-011,أبيض / White,
1,24,دفاتر ونوت بوك / Notebooks,دفتر نوت بوك (PU),Notebook (PU),Material: PU - 100 ورقة 70 جرام,O19050-012,O19050-012,أسود / Black,
1,24,دفاتر ونوت بوك / Notebooks,دفتر نوت بوك (PU),Notebook (PU),Material: PU - 100 ورقة 70 جرام,O19050-013,O19050-013,أخضر / Green,
1,24,دفاتر ونوت بوك / Notebooks,دفتر نوت بوك (PU),Notebook (PU),Material: PU - 100 ورقة 70 جرام,O19050-014,O19050-014,أزرق / Blue,
1,24,دفاتر ونوت بوك / Notebooks,دفتر نوت بوك (PU),Notebook (PU),Material: PU - 100 ورقة 70 جرام,O19050-015,O19050-015,أحمر / Red,
1,24,دفاتر ونوت بوك / Notebooks,دفتر نوت بوك (PU),Notebook (PU),Material: PU - 100 ورقة 70 جرام,O19050-016,O19050-016,رمادي / Gray,
1,24,دفاتر ونوت بوك / Notebooks,دفتر دعاية واعلان A5 مع قلم بعلبة,A5 promotional notebook with pen in gift box,Material: PU - A5 - 100 ورقة 80 جرام,O19050-080,O19050-080,أبيض / White,
1,24,دفاتر ونوت بوك / Notebooks,دفتر دعاية واعلان A5 مع قلم بعلبة,A5 promotional notebook with pen in gift box,Material: PU - A5 - 100 ورقة 80 جرام,O19050-081,O19050-081,أسود / Black,
1,24,دفاتر ونوت بوك / Notebooks,دفتر دعاية واعلان A5 مع قلم بعلبة,A5 promotional notebook with pen in gift box,Material: PU - A5 - 100 ورقة 80 جرام,O19050-082,O19050-082,أخضر / Green,
1,24,دفاتر ونوت بوك / Notebooks,دفتر دعاية واعلان A5 مع قلم بعلبة,A5 promotional notebook with pen in gift box,Material: PU - A5 - 100 ورقة 80 جرام,O19050-083,O19050-083,كحلي / Navy,
1,24,دفاتر ونوت بوك / Notebooks,دفتر دعاية واعلان A5 مع قلم بعلبة,A5 promotional notebook with pen in gift box,Material: PU - A5 - 100 ورقة 80 جرام,O19050-084,O19050-084,أزرق / Blue,
1,24,دفاتر ونوت بوك / Notebooks,دفتر دعاية واعلان A5 مع قلم بعلبة,A5 promotional notebook with pen in gift box,Material: PU - A5 - 100 ورقة 80 جرام,O19050-085,O19050-085,بيج / Beige,
1,24,دفاتر ونوت بوك / Notebooks,دفتر دعاية واعلان A5 بوكس أسود,A5 promotional notebook with black box,Material: PU - A5 - 100 ورقة 70 جرام,O19050-021,O19050-021,أسود / Black,
1,24,دفاتر ونوت بوك / Notebooks,دفتر دعاية واعلان A5 بوكس أسود,A5 promotional notebook with black box,Material: PU - A5 - 100 ورقة 70 جرام,O19050-022,O19050-022,كحلي / Navy,
1,24,دفاتر ونوت بوك / Notebooks,دفتر دعاية واعلان A5 بوكس أسود,A5 promotional notebook with black box,Material: PU - A5 - 100 ورقة 70 جرام,O19050-023,O19050-023,رمادي / Gray,
1,24,دفاتر ونوت بوك / Notebooks,دفتر دعاية واعلان A5 بوكس أسود,A5 promotional notebook with black box,Material: PU - A5 - 100 ورقة 70 جرام,O19050-024,O19050-024,أخضر / Green,
1,24,دفاتر ونوت بوك / Notebooks,دفتر دعاية واعلان A5 بوكس أسود,A5 promotional notebook with black box,Material: PU - A5 - 100 ورقة 70 جرام,O19050-025,O19050-025,بيج / Beige,
1,24,دفاتر ونوت بوك / Notebooks,دفتر دعاية واعلان A5 بوكس أسود,A5 promotional notebook with black box,Material: PU - A5 - 100 ورقة 70 جرام,O19050-026,O19050-026,أبيض / White,
1,24,دفاتر ونوت بوك / Notebooks,دفتر نوت بوك A5 مع مطاط وجيب قلم,A5 notebook with elastic band & pen loop,Material: PU - A5 - 100 ورقة 70 جرام,O19050-091,O19050-091,أبيض / White,
1,24,دفاتر ونوت بوك / Notebooks,دفتر نوت بوك A5 مع مطاط وجيب قلم,A5 notebook with elastic band & pen loop,Material: PU - A5 - 100 ورقة 70 جرام,O19050-092,O19050-092,كحلي / Navy,
1,24,دفاتر ونوت بوك / Notebooks,دفتر نوت بوك A5 مع مطاط وجيب قلم,A5 notebook with elastic band & pen loop,Material: PU - A5 - 100 ورقة 70 جرام,O19050-093,O19050-093,أخضر / Green,
1,24,دفاتر ونوت بوك / Notebooks,دفتر نوت بوك A5 مع مطاط وجيب قلم,A5 notebook with elastic band & pen loop,Material: PU - A5 - 100 ورقة 70 جرام,O19050-094,O19050-094,أزرق / Blue,
1,24,دفاتر ونوت بوك / Notebooks,دفتر نوت بوك A5 مع مطاط وجيب قلم,A5 notebook with elastic band & pen loop,Material: PU - A5 - 100 ورقة 70 جرام,O19050-095,O19050-095,خردلي / Mustard,
1,24,دفاتر ونوت بوك / Notebooks,دفتر نوت بوك A5 مع مطاط وجيب قلم,A5 notebook with elastic band & pen loop,Material: PU - A5 - 100 ورقة 70 جرام,O19050-096,O19050-096,رمادي / Gray,
1,24,دفاتر ونوت بوك / Notebooks,دفتر نوت بوك A5 مع مطاط وجيب قلم,A5 notebook with elastic band & pen loop,Material: PU - A5 - 100 ورقة 70 جرام,O19050-097,O19050-097,بني / Brown,
1,25,دفاتر ونوت بوك / Notebooks,دفتر نوت بوك A5 مع مطاط وجيب قلم,A5 notebook with elastic band & pen loop,A5 - 100 ورقة 70 جرام - طباعة: بصمة حراري - سلك سكرين - DTF - UV,O19050-101,O19050-101,أسود / Black,
1,25,دفاتر ونوت بوك / Notebooks,دفتر نوت بوك A5 مع مطاط وجيب قلم,A5 notebook with elastic band & pen loop,A5 - 100 ورقة 70 جرام - طباعة: بصمة حراري - سلك سكرين - DTF - UV,O19050-102,O19050-102,أخضر / Green,
1,25,دفاتر ونوت بوك / Notebooks,دفتر نوت بوك A5 مع مطاط وجيب قلم,A5 notebook with elastic band & pen loop,A5 - 100 ورقة 70 جرام - طباعة: بصمة حراري - سلك سكرين - DTF - UV,O19050-103,O19050-103,كحلي / Navy,
1,25,دفاتر ونوت بوك / Notebooks,دفتر نوت بوك A5 مع مطاط وجيب قلم,A5 notebook with elastic band & pen loop,A5 - 100 ورقة 70 جرام - طباعة: بصمة حراري - سلك سكرين - DTF - UV,O19050-104,O19050-104,رمادي / Gray,
1,25,دفاتر ونوت بوك / Notebooks,دفتر نوت بوك A5 مع مطاط وجيب قلم,A5 notebook with elastic band & pen loop,A5 - 100 ورقة 70 جرام - طباعة: بصمة حراري - سلك سكرين - DTF - UV,O19050-105,O19050-105,بني / Brown,
1,25,دفاتر ونوت بوك / Notebooks,دفتر نوت بوك A5 مع مطاط وجيب قلم,A5 notebook with elastic band & pen loop,A5 - 100 ورقة 70 جرام - طباعة: بصمة حراري - سلك سكرين - DTF - UV,O19050-106,O19050-106,أزرق / Blue,
1,25,دفاتر ونوت بوك / Notebooks,دفتر نوت بوك A5 مع مطاط وجيب قلم,A5 notebook with elastic band & pen loop,A5 - 100 ورقة 70 جرام - طباعة: بصمة حراري - سلك سكرين - DTF - UV,O19050-107,O19050-107,عنابي / Maroon,
1,25,دفاتر ونوت بوك / Notebooks,دفتر نوت بوك A5 مع مطاط وجيب قلم,A5 notebook with elastic band & pen loop,A5 - 100 ورقة 70 جرام - طباعة: بصمة حراري - سلك سكرين - DTF - UV,O19050-108,O19050-108,بيج / Beige,
1,25,دفاتر ونوت بوك / Notebooks,دفتر نوت بوك مع قلم واستيكر وملاحظات,"Kraft spiral notebook with pen, stickers & sticky notes",18x15cm - 70 ورقة 70 جرام - مصنوع من مواد صديقة للبيئة,O19050-115,O19050-115,أسود / Black,
1,25,دفاتر ونوت بوك / Notebooks,دفتر نوت بوك مع قلم واستيكر وملاحظات,"Kraft spiral notebook with pen, stickers & sticky notes",18x15cm - 70 ورقة 70 جرام - مصنوع من مواد صديقة للبيئة,O19050-116,O19050-116,أحمر / Red,
1,25,دفاتر ونوت بوك / Notebooks,دفتر نوت بوك مع قلم واستيكر وملاحظات,"Kraft spiral notebook with pen, stickers & sticky notes",18x15cm - 70 ورقة 70 جرام - مصنوع من مواد صديقة للبيئة,O19050-117,O19050-117,أزرق / Blue,
1,25,دفاتر ونوت بوك / Notebooks,دفتر نوت بوك مع قلم واستيكر وملاحظات,"Kraft spiral notebook with pen, stickers & sticky notes",18x15cm - 70 ورقة 70 جرام - مصنوع من مواد صديقة للبيئة,O19050-118,O19050-118,أخضر / Green,
1,25,دفاتر ونوت بوك / Notebooks,دفتر دعاية واعلان A5 مع جيب قلم بعلبة,"A5 promotional notebook with pen pocket, boxed",A5 - 80 ورقة 80 جرام,O19050-041,O19050-041,أبيض / White,
1,25,دفاتر ونوت بوك / Notebooks,دفتر دعاية واعلان A5 مع جيب قلم بعلبة,"A5 promotional notebook with pen pocket, boxed",A5 - 80 ورقة 80 جرام,O19050-042,O19050-042,أسود / Black,
1,25,دفاتر ونوت بوك / Notebooks,دفتر دعاية واعلان A5 مع جيب قلم بعلبة,"A5 promotional notebook with pen pocket, boxed",A5 - 80 ورقة 80 جرام,O19050-043,O19050-043,أخضر / Green,
1,25,دفاتر ونوت بوك / Notebooks,دفتر دعاية واعلان A5 مع جيب قلم بعلبة,"A5 promotional notebook with pen pocket, boxed",A5 - 80 ورقة 80 جرام,O19050-044,O19050-044,كحلي / Navy,
1,25,دفاتر ونوت بوك / Notebooks,دفتر دعاية واعلان A5 مع جيب قلم بعلبة,"A5 promotional notebook with pen pocket, boxed",A5 - 80 ورقة 80 جرام,O19050-045,O19050-045,بيج / Beige,
1,25,دفاتر ونوت بوك / Notebooks,دفتر نوت بوك مع قلم واستيكر وملاحظات,"Eco notebook with pen, stickers & sticky notes",18x15cm - 70 ورقة 70 جرام - Material: Eco-Friendly,O19050-111,O19050-111,أسود / Black,
1,25,دفاتر ونوت بوك / Notebooks,دفتر نوت بوك مع قلم واستيكر وملاحظات,"Eco notebook with pen, stickers & sticky notes",18x15cm - 70 ورقة 70 جرام - Material: Eco-Friendly,O19050-112,O19050-112,أحمر / Red,
1,25,دفاتر ونوت بوك / Notebooks,دفتر نوت بوك مع قلم واستيكر وملاحظات,"Eco notebook with pen, stickers & sticky notes",18x15cm - 70 ورقة 70 جرام - Material: Eco-Friendly,O19050-113,O19050-113,أزرق / Blue,
1,25,دفاتر ونوت بوك / Notebooks,دفتر نوت بوك مع قلم واستيكر وملاحظات,"Eco notebook with pen, stickers & sticky notes",18x15cm - 70 ورقة 70 جرام - Material: Eco-Friendly,O19050-114,O19050-114,أخضر / Green,
1,26,دفاتر ونوت بوك / Notebooks,دفتر دعاية واعلان A5 فواصل,A5 promotional notebook with tab dividers,A5 - 80 ورقة 80 جرام - طباعة: بصمة حراري - سلك سكرين - DTF - UV,O19050-061,O19050-061,أبيض / White,
1,26,دفاتر ونوت بوك / Notebooks,دفتر دعاية واعلان A5 فواصل,A5 promotional notebook with tab dividers,A5 - 80 ورقة 80 جرام - طباعة: بصمة حراري - سلك سكرين - DTF - UV,O19050-062,O19050-062,أسود / Black,
1,26,دفاتر ونوت بوك / Notebooks,دفتر دعاية واعلان A5 فواصل,A5 promotional notebook with tab dividers,A5 - 80 ورقة 80 جرام - طباعة: بصمة حراري - سلك سكرين - DTF - UV,O19050-063,O19050-063,بترولي / Petrol,
1,26,دفاتر ونوت بوك / Notebooks,دفتر دعاية واعلان A5 فواصل,A5 promotional notebook with tab dividers,A5 - 80 ورقة 80 جرام - طباعة: بصمة حراري - سلك سكرين - DTF - UV,O19050-064,O19050-064,أزرق / Blue,
1,26,دفاتر ونوت بوك / Notebooks,دفتر دعاية واعلان A5 فواصل,A5 promotional notebook with tab dividers,A5 - 80 ورقة 80 جرام - طباعة: بصمة حراري - سلك سكرين - DTF - UV,O19050-065,O19050-065,كحلي / Navy,
1,26,دفاتر ونوت بوك / Notebooks,دفتر دعاية واعلان A5 فواصل,A5 promotional notebook with tab dividers,A5 - 80 ورقة 80 جرام - طباعة: بصمة حراري - سلك سكرين - DTF - UV,O19050-067,O19050-067,بيج / Beige,
1,26,دفاتر ونوت بوك / Notebooks,دفتر ملاحظات فواصل A6 مع حامل قلم,A6 tabbed notes notebook with pen holder,A6 - 70 ورقة 70 جرام,O19050-161,O19050-161,أبيض / White,
1,26,دفاتر ونوت بوك / Notebooks,دفتر ملاحظات فواصل A6 مع حامل قلم,A6 tabbed notes notebook with pen holder,A6 - 70 ورقة 70 جرام,O19050-162,O19050-162,أسود / Black,
1,26,دفاتر ونوت بوك / Notebooks,دفتر ملاحظات فواصل A6 مع حامل قلم,A6 tabbed notes notebook with pen holder,A6 - 70 ورقة 70 جرام,O19050-163,O19050-163,كحلي / Navy,
1,26,دفاتر ونوت بوك / Notebooks,دفتر دعاية A7 مع حامل قلم,A7 pocket notebook with pen loop,Material: PVC - A7 - 80 ورقة 70 جرام,O19050-151,O19050-151,أبيض / White,
1,26,دفاتر ونوت بوك / Notebooks,دفتر دعاية A7 مع حامل قلم,A7 pocket notebook with pen loop,Material: PVC - A7 - 80 ورقة 70 جرام,O19050-152,O19050-152,أسود / Black,
1,26,دفاتر ونوت بوك / Notebooks,دفتر دعاية A7 مع حامل قلم,A7 pocket notebook with pen loop,Material: PVC - A7 - 80 ورقة 70 جرام,O19050-153,O19050-153,أزرق / Blue,
1,26,دفاتر ونوت بوك / Notebooks,دفتر دعاية A7 مع حامل قلم,A7 pocket notebook with pen loop,Material: PVC - A7 - 80 ورقة 70 جرام,O19050-154,O19050-154,أخضر / Green,
1,26,دفاتر ونوت بوك / Notebooks,دفتر دعاية A7 مع حامل قلم,A7 pocket notebook with pen loop,Material: PVC - A7 - 80 ورقة 70 جرام,O19050-155,O19050-155,جملي / Tan,
1,26,دفاتر ونوت بوك / Notebooks,دفتر دعاية A7 مع حامل قلم,A7 pocket notebook with pen loop,Material: PVC - A7 - 80 ورقة 70 جرام,O19050-156,O19050-156,رمادي / Gray,
1,26,دفاتر ونوت بوك / Notebooks,دفتر دعاية A6 مع حامل قلم,A6 notebook with pen loop,Material: PU - A6 - 100 ورقة 70 جرام,O19050-131,O19050-131,أبيض / White,
1,26,دفاتر ونوت بوك / Notebooks,دفتر دعاية A6 مع حامل قلم,A6 notebook with pen loop,Material: PU - A6 - 100 ورقة 70 جرام,O19050-132,O19050-132,كحلي / Navy,
1,26,دفاتر ونوت بوك / Notebooks,دفتر دعاية A6 مع حامل قلم,A6 notebook with pen loop,Material: PU - A6 - 100 ورقة 70 جرام,O19050-133,O19050-133,أزرق / Blue,
1,26,دفاتر ونوت بوك / Notebooks,دفتر دعاية A6 مع حامل قلم,A6 notebook with pen loop,Material: PU - A6 - 100 ورقة 70 جرام,O19050-134,O19050-134,أخضر / Green,
1,27,دفاتر ونوت بوك / Notebooks,طقم نوت بوك بامبو مع مطاط مع قلم وميدالية بعلبة,Cork A5 notebook set with pen & keychain in box,A5,O19050-181,O19050-181,أبيض / White,
1,27,دفاتر ونوت بوك / Notebooks,طقم نوت بوك بامبو مع مطاط مع قلم وميدالية بعلبة,Cork A5 notebook set with pen & keychain in box,A5,O19050-182,O19050-182,أسود / Black,
1,27,دفاتر ونوت بوك / Notebooks,طقم نوت بوك بامبو مع مطاط مع قلم وميدالية بعلبة,Cork A5 notebook set with pen & keychain in box,A5,O19050-183,O19050-183,كحلي / Navy,
1,27,دفاتر ونوت بوك / Notebooks,طقم نوت بوك بامبو مع مطاط مع قلم وميدالية بعلبة,Cork A5 notebook set with pen & keychain in box,A5,O19050-184,O19050-184,أخضر / Green,
1,27,دفاتر ونوت بوك / Notebooks,دفتر نوت بوك فلين A5,A5 cork notebook with elastic band,A5,O19050-031,O19050-031,أبيض / White,اسم غير مطبوع (قسم «دفتر نوت بوك»)
1,27,دفاتر ونوت بوك / Notebooks,دفتر نوت بوك فلين A5,A5 cork notebook with elastic band,A5,O19050-032,O19050-032,أسود / Black,اسم غير مطبوع (قسم «دفتر نوت بوك»)
1,27,دفاتر ونوت بوك / Notebooks,دفتر نوت بوك فلين A5,A5 cork notebook with elastic band,A5,O19050-033,O19050-033,كحلي / Navy,اسم غير مطبوع (قسم «دفتر نوت بوك»)
1,27,دفاتر ونوت بوك / Notebooks,دفتر نوت بوك فلين A5,A5 cork notebook with elastic band,A5,O19050-034,O19050-034,أخضر / Green,اسم غير مطبوع (قسم «دفتر نوت بوك»)
1,27,دفاتر ونوت بوك / Notebooks,دفتر نوت بوك فلين A5,A5 cork notebook with elastic band,A5,O19050-035,O19050-035,عنابي / Maroon,اسم غير مطبوع (قسم «دفتر نوت بوك»)
1,28,دفاتر ونوت بوك / Notebooks,نوت بوك محزز مع بامبو,A5 grooved notebook with cork,A5 - PU-70GM - 70 gm,O19050-183,O19050-183,أبيض / فلين / White / Cork,الرقم 19050-183 مطبوع أيضاً لطقم كحلي في صفحة 27
1,28,دفاتر ونوت بوك / Notebooks,نوت بوك محزز مع بامبو,A5 grooved notebook with cork,A5 - PU-70GM - 70 gm,O19050-212,O19050-212,بيج / فلين / Beige / Cork,الرقم 19050-183 مطبوع أيضاً لطقم كحلي في صفحة 27
1,28,دفاتر ونوت بوك / Notebooks,طقم نوت بوك مع مطاط مع قلم بعلبة,A5 notebook set with pen in box,A5 - 80 gm,O19050-191,O19050-191,رمادي / فلين / Gray / Cork,
1,28,دفاتر ونوت بوك / Notebooks,دفتر نوت بوك,Notebook with grooved spine,,O19050-361,O19050-361,أبيض / White,تحت الصور ملصقات 19050-108 و19050-085 وملصق فارغ - أرقام مكررة من صفحات أخرى، لم تُضَف
1,28,دفاتر ونوت بوك / Notebooks,دفتر نوت بوك,Notebook with grooved spine,,O19050-362,O19050-362,أسود / Black,تحت الصور ملصقات 19050-108 و19050-085 وملصق فارغ - أرقام مكررة من صفحات أخرى، لم تُضَف
1,28,دفاتر ونوت بوك / Notebooks,دفتر نوت بوك,Notebook with grooved spine,,O19050-363,O19050-363,أزرق / Blue,تحت الصور ملصقات 19050-108 و19050-085 وملصق فارغ - أرقام مكررة من صفحات أخرى، لم تُضَف
1,28,دفاتر ونوت بوك / Notebooks,دفتر نوت بوك,Notebook with grooved spine,,O19050-364,O19050-364,أخضر / Green,تحت الصور ملصقات 19050-108 و19050-085 وملصق فارغ - أرقام مكررة من صفحات أخرى، لم تُضَف
1,28,دفاتر ونوت بوك / Notebooks,دفتر نوت بوك,Notebook with grooved spine,,O19050-366,O19050-366,بنفسجي / Purple,تحت الصور ملصقات 19050-108 و19050-085 وملصق فارغ - أرقام مكررة من صفحات أخرى، لم تُضَف
1,28,دفاتر ونوت بوك / Notebooks,دفتر نوت بوك,Notebook with grooved spine,,O19050-367,O19050-367,رمادي / Gray,تحت الصور ملصقات 19050-108 و19050-085 وملصق فارغ - أرقام مكررة من صفحات أخرى، لم تُضَف
1,29,دفاتر ونوت بوك / Notebooks,طقم شنطة نوت بوك,Notebook organizer gift set,نوت بوك - قلم - حامل بطاقة - ميدالية - علاقة,O19050-231,O19050-231,أسود / Black,
1,29,دفاتر ونوت بوك / Notebooks,طقم شنطة نوت بوك,Notebook organizer gift set,نوت بوك - قلم - حامل بطاقة - ميدالية - علاقة,O19050-232,O19050-232,كحلي / Navy,
1,29,دفاتر ونوت بوك / Notebooks,طقم شنطة نوت بوك,Notebook organizer gift set,نوت بوك - قلم - حامل بطاقة - ميدالية - علاقة,O19050-233,O19050-233,أخضر / Green,
1,29,دفاتر ونوت بوك / Notebooks,طقم نوت بوك مع قلم وميدالية وعلبة,A5 notebook set with pen & keychain in box,A5 - 80 gm,O19050-071,O19050-071,أبيض / White,
1,29,دفاتر ونوت بوك / Notebooks,طقم نوت بوك مع قلم وميدالية وعلبة,A5 notebook set with pen & keychain in box,A5 - 80 gm,O19050-072,O19050-072,أسود / Black,
1,29,دفاتر ونوت بوك / Notebooks,طقم نوت بوك مع قلم وميدالية وعلبة,A5 notebook set with pen & keychain in box,A5 - 80 gm,O19050-073,O19050-073,كحلي / Navy,
1,29,دفاتر ونوت بوك / Notebooks,طقم نوت بوك مع قلم وميدالية وعلبة,A5 notebook set with pen & keychain in box,A5 - 80 gm,O19050-074,O19050-074,أخضر / Green,
1,30,دفاتر ونوت بوك / Notebooks,طقم نوت بوك مع قلم بعلبة,A5 notebook set with pen in box,A5,O19050-051,O19050-051,أبيض / White,
1,30,دفاتر ونوت بوك / Notebooks,طقم نوت بوك مع قلم بعلبة,A5 notebook set with pen in box,A5,O19050-052,O19050-052,أسود / Black,
1,30,دفاتر ونوت بوك / Notebooks,طقم نوت بوك مع قلم بعلبة,A5 notebook set with pen in box,A5,O19050-053,O19050-053,أزرق / Blue,
1,30,دفاتر ونوت بوك / Notebooks,طقم نوت بوك مع قلم بعلبة,A5 notebook set with pen in box,A5,O19050-054,O19050-054,أخضر / Green,
1,30,دفاتر ونوت بوك / Notebooks,طقم نوت بوك مع قلم بعلبة,A5 notebook set with pen in box,A5,O19050-055,O19050-055,رمادي / Gray,
1,30,دفاتر ونوت بوك / Notebooks,طقم نوت بوك مع قلم بعلبة,A5 notebook set with pen in box,A5,O19050-056,O19050-056,أحمر / Red,
1,30,دفاتر ونوت بوك / Notebooks,طقم نوت بوك مع قلم بعلبة,Notebook set with pen in box (magnetic strap),,O19050-171,O19050-171,أبيض / White,
1,30,دفاتر ونوت بوك / Notebooks,طقم نوت بوك مع قلم بعلبة,Notebook set with pen in box (magnetic strap),,O19050-172,O19050-172,أسود / Black,
1,30,دفاتر ونوت بوك / Notebooks,طقم نوت بوك مع قلم بعلبة,Notebook set with pen in box (magnetic strap),,O19050-173,O19050-173,أزرق / Blue,
1,30,دفاتر ونوت بوك / Notebooks,طقم نوت بوك مع قلم بعلبة,Notebook set with pen in box (magnetic strap),,O19050-174,O19050-174,أخضر / Green,
1,30,دفاتر ونوت بوك / Notebooks,طقم نوت بوك مع قلم بعلبة,Notebook set with pen in box (magnetic strap),,O19050-175,O19050-175,أحمر / Red,
1,30,دفاتر ونوت بوك / Notebooks,طقم نوت بوك مع قلم بعلبة,Notebook set with pen in box (magnetic strap),,O19050-176,O19050-176,رمادي / Gray,
1,31,دفاتر ونوت بوك / Notebooks,طقم دفتر نوته - قلم وحافظة كرت وستاند جوال وميدالية,"Notebook gift set: pen, card holder, phone stand & keychain",,O19050-251,O19050-251,أبيض / White,
1,31,دفاتر ونوت بوك / Notebooks,طقم دفتر نوته - قلم وحافظة كرت وستاند جوال وميدالية,"Notebook gift set: pen, card holder, phone stand & keychain",,O19050-252,O19050-252,أسود / Black,
1,31,دفاتر ونوت بوك / Notebooks,طقم دفتر نوته - قلم وحافظة كرت وستاند جوال وميدالية,"Notebook gift set: pen, card holder, phone stand & keychain",,O19050-253,O19050-253,أخضر / Green,
1,31,دفاتر ونوت بوك / Notebooks,طقم دفتر نوته مع قلم وميدالية وحافظة كرت,"Notebook gift set with pen, keychain & card holder",,O19050-301,O19050-301,أبيض / White,اسم غير مطبوع (قسم «طقم دفتر نوته»)
1,31,دفاتر ونوت بوك / Notebooks,طقم دفتر نوته مع قلم وميدالية وحافظة كرت,"Notebook gift set with pen, keychain & card holder",,O19050-302,O19050-302,أسود / Black,اسم غير مطبوع (قسم «طقم دفتر نوته»)
1,31,دفاتر ونوت بوك / Notebooks,طقم دفتر نوته مع قلم وميدالية وحافظة كرت,"Notebook gift set with pen, keychain & card holder",,O19050-303,O19050-303,كحلي / Navy,اسم غير مطبوع (قسم «طقم دفتر نوته»)
1,31,دفاتر ونوت بوك / Notebooks,طقم دفتر نوته مع قلم وميدالية وحافظة كرت,"Notebook gift set with pen, keychain & card holder",,O19050-304,O19050-304,أخضر / Green,اسم غير مطبوع (قسم «طقم دفتر نوته»)
1,31,دفاتر ونوت بوك / Notebooks,طقم دفتر نوته مع قلم وميدالية وحافظة كرت,"Notebook gift set with pen, keychain & card holder",,O19050-305,O19050-305,رمادي / Gray,اسم غير مطبوع (قسم «طقم دفتر نوته»)
1,31,دفاتر ونوت بوك / Notebooks,طقم دفتر نوته مع قلم وميدالية وحافظة كرت,"Notebook gift set with pen, keychain & card holder",,O19050-306,O19050-306,بيج / Beige,اسم غير مطبوع (قسم «طقم دفتر نوته»)
1,32,دفاتر ونوت بوك / Notebooks,طقم نوته مغناطيس مع قلم وميدالية,A5 magnetic notebook set with pen & keychain (with gift bag),A5 - 80 gm,O19050-321,O19050-321,أبيض / White,
1,32,دفاتر ونوت بوك / Notebooks,طقم نوته مغناطيس مع قلم وميدالية,A5 magnetic notebook set with pen & keychain (with gift bag),A5 - 80 gm,O19050-322,O19050-322,أسود / Black,
1,32,دفاتر ونوت بوك / Notebooks,طقم نوته مغناطيس مع قلم وميدالية,A5 magnetic notebook set with pen & keychain (with gift bag),A5 - 80 gm,O19050-323,O19050-323,كحلي / Navy,
1,32,دفاتر ونوت بوك / Notebooks,طقم نوته مغناطيس مع قلم وميدالية,A5 magnetic notebook set with pen & keychain (with gift bag),A5 - 80 gm,O19050-324,O19050-324,أخضر / Green,
1,32,دفاتر ونوت بوك / Notebooks,طقم نوته مغناطيس مع قلم وميدالية,A5 magnetic notebook set with pen & keychain (with gift bag),A5 - 80 gm,O19050-325,O19050-325,رمادي / Gray,
1,32,دفاتر ونوت بوك / Notebooks,طقم نوته مغناطيس مع قلم وميدالية,A5 magnetic notebook set with pen & keychain (with gift bag),A5 - 80 gm,O19050-326,O19050-326,عنابي / Maroon,
1,32,دفاتر ونوت بوك / Notebooks,طقم نوته مغناطيس مع قلم وميدالية,A5 magnetic notebook set with pen & keychain (with gift bag),A5 - 80 gm,O19050-327,O19050-327,بيج / Beige,
1,32,دفاتر ونوت بوك / Notebooks,طقم نوته مع قلم وميدالية,Notebook set with pen & keychain,,O19050-284,O19050-284,أبيض / White,
1,32,دفاتر ونوت بوك / Notebooks,طقم نوته مع قلم وميدالية,Notebook set with pen & keychain,,O19050-285,O19050-285,أسود / Black,
1,32,دفاتر ونوت بوك / Notebooks,طقم نوته مع قلم وميدالية,Notebook set with pen & keychain,,O19050-286,O19050-286,كحلي / Navy,
1,32,دفاتر ونوت بوك / Notebooks,طقم نوته مع قلم وميدالية,Notebook set with pen & keychain,,O19050-287,O19050-287,أخضر / Green,
1,32,دفاتر ونوت بوك / Notebooks,طقم نوته مع قلم وميدالية,Notebook set with pen & keychain,,O19050-288,O19050-288,رمادي / Gray,
1,32,دفاتر ونوت بوك / Notebooks,طقم نوته مع قلم وميدالية,Notebook set with pen & keychain,,O19050-289,O19050-289,بيج / Beige,
1,33,علب هدايا / Gift boxes,علبة هداية نوت مع سلفان - غطاء مغناطيس,Magnetic-lid gift box with cellophane,مقاس 26x26x9.5 cm,O19051-001,O19051-001,أبيض / White,
1,33,علب هدايا / Gift boxes,علبة هداية نوت مع سلفان - غطاء مغناطيس,Magnetic-lid gift box with cellophane,مقاس 26x26x9.5 cm,O19051-002,O19051-002,أسود / Black,
1,33,علب هدايا / Gift boxes,علبة هداية نوت مع سلفان - غطاء مغناطيس,Magnetic-lid gift box with cellophane,مقاس 26x26x9.5 cm,O19051-003,O19051-003,أزرق / Blue,
1,33,علب هدايا / Gift boxes,علبة هداية نوت مع سلفان - غطاء مغناطيس,Magnetic-lid gift box with cellophane,مقاس 26x26x9.5 cm,O19051-004,O19051-004,أخضر / Green,
1,33,علب هدايا / Gift boxes,علبة هداية نوت مع سلفان - غطاء مغناطيس,Magnetic-lid gift box with cellophane,مقاس 26x26x9.5 cm,O19051-005,O19051-005,بيج / Beige,
1,33,علب هدايا / Gift boxes,علبة هداية نوت مع سلفان - غطاء مغناطيس,Magnetic-lid gift box with cellophane,مقاس 26x26x9.5 cm,O19051-006,O19051-006,كحلي / Navy,
1,33,علب هدايا / Gift boxes,علبة هداية - غطاء مغناطيس,Magnetic-lid gift box (large),مقاس 38x38x9.5 cm,O19051-021,O19051-021,أبيض / White,الرقم 19051-034 مطبوع أيضاً للعلبة الخضراء 33.5x26x8 في صفحة 34
1,33,علب هدايا / Gift boxes,علبة هداية - غطاء مغناطيس,Magnetic-lid gift box (large),مقاس 38x38x9.5 cm,O19051-022,O19051-022,أسود / Black,الرقم 19051-034 مطبوع أيضاً للعلبة الخضراء 33.5x26x8 في صفحة 34
1,33,علب هدايا / Gift boxes,علبة هداية - غطاء مغناطيس,Magnetic-lid gift box (large),مقاس 38x38x9.5 cm,O19051-034,O19051-034,أخضر / Green,الرقم 19051-034 مطبوع أيضاً للعلبة الخضراء 33.5x26x8 في صفحة 34
1,34,علب هدايا / Gift boxes,علبة هداية نوت مع سلفان - غطاء مغناطيس,Magnetic-lid gift box with cellophane,مقاس 33.5 X 26 X 8 cm,O19051-031,O19051-031,أبيض / White,
1,34,علب هدايا / Gift boxes,علبة هداية نوت مع سلفان - غطاء مغناطيس,Magnetic-lid gift box with cellophane,مقاس 33.5 X 26 X 8 cm,O19051-032,O19051-032,أسود / Black,
1,34,علب هدايا / Gift boxes,علبة هداية نوت مع سلفان - غطاء مغناطيس,Magnetic-lid gift box with cellophane,مقاس 33.5 X 26 X 8 cm,O19051-033,O19051-033,أزرق / Blue,
1,34,علب هدايا / Gift boxes,علبة هداية نوت مع سلفان - غطاء مغناطيس,Magnetic-lid gift box with cellophane,مقاس 33.5 X 26 X 8 cm,O19051-034,O19051-034,أخضر / Green,
1,34,علب هدايا / Gift boxes,علبة هداية نوت مع سلفان - غطاء مغناطيس,Magnetic-lid gift box with cellophane,مقاس 33.5 X 26 X 8 cm,O19051-036,O19051-036,كحلي / Navy,
1,34,علب هدايا / Gift boxes,علبة فارغة بامبو مع كيس,Empty kraft gift box with bag,مقاس 25X23 CM,O19051-051,O19051-051,كرافت / Kraft,
1,34,علب هدايا / Gift boxes,علبة فارغة مغناطيس,Empty magnetic gift box,,O19051-035,O19051-035,بيج / Beige,
1,35,دفاتر ونوت بوك / Notebooks,طقم نوته مغناطيس,"Magnetic notebook gift set (notebook, pen, keychain, thermos)",Material: PU - 100 ورقة 80 جرام - يقبل طباعة,O19050-143,O19050-143,أزرق بيبسي / Pepsi blue,
1,35,دفاتر ونوت بوك / Notebooks,طقم نوته مغناطيس,"Magnetic notebook gift set (notebook, pen, keychain, thermos)",Material: PU - 100 ورقة 80 جرام - يقبل طباعة,O19050-141,O19050-141,أبيض / White,
1,35,دفاتر ونوت بوك / Notebooks,طقم نوته مغناطيس,"Magnetic notebook gift set (notebook, pen, keychain, thermos)",Material: PU - 100 ورقة 80 جرام - يقبل طباعة,O19050-142,O19050-142,أسود / Black,
1,35,دفاتر ونوت بوك / Notebooks,طقم نوته مغناطيس,"Magnetic notebook gift set (notebook, pen, keychain, thermos)",Material: PU - 100 ورقة 80 جرام - يقبل طباعة,O19050-144,O19050-144,أخضر / Green,
1,35,دفاتر ونوت بوك / Notebooks,طقم نوته مغناطيس,"Magnetic notebook gift set (notebook, pen, keychain, thermos)",Material: PU - 100 ورقة 80 جرام - يقبل طباعة,O19050-145,O19050-145,كحلي / Navy,
1,35,دفاتر ونوت بوك / Notebooks,طقم نوته مغناطيس,"Magnetic notebook gift set (notebook, pen, keychain, thermos)",Material: PU - 100 ورقة 80 جرام - يقبل طباعة,O19050-146,O19050-146,بيج / Beige,
1,36,دفاتر ونوت بوك / Notebooks,طقم نوتة مغناطيس مط,"Matte magnetic notebook set (notebook, pen, bottle, keychain)",المقاس A5 - 80 ورق - (دفتر - قلم - زمزمية - علاقة مفاتيح),O19050-261,O19050-261,أبيض / White,
1,36,دفاتر ونوت بوك / Notebooks,طقم نوتة مغناطيس مط,"Matte magnetic notebook set (notebook, pen, bottle, keychain)",المقاس A5 - 80 ورق - (دفتر - قلم - زمزمية - علاقة مفاتيح),O19050-262,O19050-262,أسود / Black,
1,36,دفاتر ونوت بوك / Notebooks,طقم نوتة مغناطيس مط,"Matte magnetic notebook set (notebook, pen, bottle, keychain)",المقاس A5 - 80 ورق - (دفتر - قلم - زمزمية - علاقة مفاتيح),O19050-263,O19050-263,كحلي / Navy,
1,36,دفاتر ونوت بوك / Notebooks,طقم نوتة مغناطيس مط,"Matte magnetic notebook set (notebook, pen, bottle, keychain)",المقاس A5 - 80 ورق - (دفتر - قلم - زمزمية - علاقة مفاتيح),O19050-264,O19050-264,أخضر / Green,
1,37,علب هدايا / Gift boxes,علبة فارغة مغناطيس (مع قاعدة قلم),Empty magnetic gift box with pen insert,مقاس 25 x 23 cm,O19051-041,O19051-041,أبيض / White,قسم «علبة هداية نوت مع سلفان»
1,37,علب هدايا / Gift boxes,علبة فارغة مغناطيس (مع قاعدة قلم),Empty magnetic gift box with pen insert,مقاس 25 x 23 cm,O19051-042,O19051-042,أسود / Black,قسم «علبة هداية نوت مع سلفان»
1,37,علب هدايا / Gift boxes,علبة فارغة مغناطيس (مع قاعدة قلم),Empty magnetic gift box with pen insert,مقاس 25 x 23 cm,O19051-043,O19051-043,كحلي / Navy,قسم «علبة هداية نوت مع سلفان»
1,37,علب هدايا / Gift boxes,علبة فارغة مغناطيس (مع قاعدة قلم),Empty magnetic gift box with pen insert,مقاس 25 x 23 cm,O19051-044,O19051-044,أخضر / Green,قسم «علبة هداية نوت مع سلفان»
1,37,علب هدايا / Gift boxes,علبة فارغة مغناطيس,Empty magnetic gift box,مقاس 25 x 23 cm,O19051-045,O19051-045,أبيض / White,
1,37,علب هدايا / Gift boxes,علبة فارغة مغناطيس,Empty magnetic gift box,مقاس 25 x 23 cm,O19051-046,O19051-046,أسود / Black,
1,37,علب هدايا / Gift boxes,علبة فارغة مغناطيس,Empty magnetic gift box,مقاس 25 x 23 cm,O19051-047,O19051-047,كحلي / Navy,
1,37,علب هدايا / Gift boxes,علبة فارغة مغناطيس,Empty magnetic gift box,مقاس 25 x 23 cm,O19051-048,O19051-048,أخضر / Green,
1,38,علب هدايا / Gift boxes,علبة هدايا فارغة فاخرة - بامبو مطرز,Premium empty gift box (embossed),مقاس 23X23 CM,O19051-053,O19051-053,أبيض / White,
1,38,علب هدايا / Gift boxes,علبة هدايا فارغة فاخرة - بامبو مطرز,Premium empty gift box (embossed),مقاس 23X23 CM,O19051-054,O19051-054,أسود / Black,
1,38,علب هدايا / Gift boxes,علبة هدايا فارغة فاخرة - بامبو مطرز,Premium empty gift box (embossed),مقاس 23X23 CM,O19051-055,O19051-055,كحلي / Navy,
1,38,علب هدايا / Gift boxes,علبة هدايا فارغة فاخرة - بامبو مطرز,Premium empty gift box (embossed),مقاس 23X23 CM,O19051-056,O19051-056,أخضر / Green,
1,38,علب هدايا / Gift boxes,علبة هدايا فارغة فاخرة (بامبو مطرز),"Premium empty gift box with foam insert, magnetic lock",مقاس 26X32 CM - القفل مغناطيس - فوم داخلي,O19051-052,O19051-052,أبيض / White,
1,39,علب هدايا / Gift boxes,علبة هداية نوت مع سلفان - غطاء مغناطيس,Magnetic-lid gift box with cellophane,مقاس 38 X 28 x 9.5 cm,O19051-021,O19051-021,أبيض / White,نفس الأرقام مطبوعة في صفحة 33 بمقاس 38x38x9.5 cm
1,39,علب هدايا / Gift boxes,علبة هداية نوت مع سلفان - غطاء مغناطيس,Magnetic-lid gift box with cellophane,مقاس 38 X 28 x 9.5 cm,O19051-022,O19051-022,أسود / Black,نفس الأرقام مطبوعة في صفحة 33 بمقاس 38x38x9.5 cm
1,39,علب هدايا / Gift boxes,علب الهدايا - مقاسات مختلفة,Gift boxes in assorted sizes,مقاسات مختلفة,?,O?-p039-2-1,متعدد الألوان / Multicolour,بدون رقم موديل مطبوع
1,40,أكياس وشنط / Bags,كيس بوليستر 20x22x6,Non-woven polyester bag 20x22x6,Size 20 x 22 x 6 - خامة 78 جم - طباعة: سلك سكرين + DTF,O19018-061,O19018-061,أسود / Black,قسم «أكياس بوليستر»
1,40,أكياس وشنط / Bags,كيس بوليستر 20x22x6,Non-woven polyester bag 20x22x6,Size 20 x 22 x 6 - خامة 78 جم - طباعة: سلك سكرين + DTF,O19018-062,O19018-062,أبيض / White,قسم «أكياس بوليستر»
1,40,أكياس وشنط / Bags,كيس بوليستر 20x22x6,Non-woven polyester bag 20x22x6,Size 20 x 22 x 6 - خامة 78 جم - طباعة: سلك سكرين + DTF,O19018-063,O19018-063,أزرق / Blue,قسم «أكياس بوليستر»
1,40,أكياس وشنط / Bags,كيس بوليستر 20x22x6,Non-woven polyester bag 20x22x6,Size 20 x 22 x 6 - خامة 78 جم - طباعة: سلك سكرين + DTF,O19018-064,O19018-064,أخضر / Green,قسم «أكياس بوليستر»
1,40,أكياس وشنط / Bags,كيس بوليستر 20x22x6,Non-woven polyester bag 20x22x6,Size 20 x 22 x 6 - خامة 78 جم - طباعة: سلك سكرين + DTF,O19018-065,O19018-065,بيج / Beige,قسم «أكياس بوليستر»
1,40,أكياس وشنط / Bags,كيس بوليستر 35x25x10,Non-woven polyester bag 35x25x10,Size 35 x 25 x 10 - خامة 78 جم - طباعة: سلك سكرين + DTF,O19018-071,O19018-071,أسود / Black,
1,40,أكياس وشنط / Bags,كيس بوليستر 35x25x10,Non-woven polyester bag 35x25x10,Size 35 x 25 x 10 - خامة 78 جم - طباعة: سلك سكرين + DTF,O19018-072,O19018-072,أبيض / White,
1,40,أكياس وشنط / Bags,كيس بوليستر 35x25x10,Non-woven polyester bag 35x25x10,Size 35 x 25 x 10 - خامة 78 جم - طباعة: سلك سكرين + DTF,O19018-073,O19018-073,أزرق / Blue,
1,40,أكياس وشنط / Bags,كيس بوليستر 35x25x10,Non-woven polyester bag 35x25x10,Size 35 x 25 x 10 - خامة 78 جم - طباعة: سلك سكرين + DTF,O19018-074,O19018-074,أخضر / Green,
1,40,أكياس وشنط / Bags,كيس بوليستر 35x25x10,Non-woven polyester bag 35x25x10,Size 35 x 25 x 10 - خامة 78 جم - طباعة: سلك سكرين + DTF,O19018-075,O19018-075,بيج / Beige,
1,40,أكياس وشنط / Bags,كيس بوليستر 40x35x10,Non-woven polyester bag 40x35x10,Size 40 x 35 x 10 - خامة 78 جم - طباعة: سلك سكرين + DTF,O19018-021,O19018-021,أخضر / Green,
1,40,أكياس وشنط / Bags,كيس بوليستر 40x35x10,Non-woven polyester bag 40x35x10,Size 40 x 35 x 10 - خامة 78 جم - طباعة: سلك سكرين + DTF,O19018-022,O19018-022,بيج / Beige,
1,40,أكياس وشنط / Bags,كيس بوليستر 40x35x10,Non-woven polyester bag 40x35x10,Size 40 x 35 x 10 - خامة 78 جم - طباعة: سلك سكرين + DTF,O19018-023,O19018-023,أزرق / Blue,
1,40,أكياس وشنط / Bags,كيس بوليستر 40x35x10,Non-woven polyester bag 40x35x10,Size 40 x 35 x 10 - خامة 78 جم - طباعة: سلك سكرين + DTF,O19018-024,O19018-024,سماوي / Sky blue,
1,40,أكياس وشنط / Bags,كيس بوليستر 40x35x10,Non-woven polyester bag 40x35x10,Size 40 x 35 x 10 - خامة 78 جم - طباعة: سلك سكرين + DTF,O19018-025,O19018-025,برتقالي / Orange,
1,40,أكياس وشنط / Bags,كيس بوليستر 40x35x10,Non-woven polyester bag 40x35x10,Size 40 x 35 x 10 - خامة 78 جم - طباعة: سلك سكرين + DTF,O19018-026,O19018-026,فوشي / Magenta,
1,40,أكياس وشنط / Bags,كيس بوليستر 40x35x10,Non-woven polyester bag 40x35x10,Size 40 x 35 x 10 - خامة 78 جم - طباعة: سلك سكرين + DTF,O19018-027,O19018-027,أحمر / Red,
1,40,أكياس وشنط / Bags,كيس بوليستر 40x35x10,Non-woven polyester bag 40x35x10,Size 40 x 35 x 10 - خامة 78 جم - طباعة: سلك سكرين + DTF,O19018-028,O19018-028,بني / Brown,
1,40,أكياس وشنط / Bags,كيس بوليستر 40x35x10,Non-woven polyester bag 40x35x10,Size 40 x 35 x 10 - خامة 78 جم - طباعة: سلك سكرين + DTF,O19018-029,O19018-029,أسود / Black,
1,40,أكياس وشنط / Bags,كيس بوليستر 33x26x9,Non-woven polyester bag 33x26x9,Size 33 x 26 x 9 - خامة 78 جم - طباعة: سلك سكرين + DTF,O19018-011,O19018-011,أخضر / Green,
1,40,أكياس وشنط / Bags,كيس بوليستر 33x26x9,Non-woven polyester bag 33x26x9,Size 33 x 26 x 9 - خامة 78 جم - طباعة: سلك سكرين + DTF,O19018-012,O19018-012,بيج / Beige,
1,40,أكياس وشنط / Bags,كيس بوليستر 33x26x9,Non-woven polyester bag 33x26x9,Size 33 x 26 x 9 - خامة 78 جم - طباعة: سلك سكرين + DTF,O19018-013,O19018-013,أزرق / Blue,
1,40,أكياس وشنط / Bags,كيس بوليستر 33x26x9,Non-woven polyester bag 33x26x9,Size 33 x 26 x 9 - خامة 78 جم - طباعة: سلك سكرين + DTF,O19018-014,O19018-014,سماوي / Sky blue,
1,40,أكياس وشنط / Bags,كيس بوليستر 33x26x9,Non-woven polyester bag 33x26x9,Size 33 x 26 x 9 - خامة 78 جم - طباعة: سلك سكرين + DTF,O19018-015,O19018-015,برتقالي / Orange,
1,40,أكياس وشنط / Bags,كيس بوليستر 33x26x9,Non-woven polyester bag 33x26x9,Size 33 x 26 x 9 - خامة 78 جم - طباعة: سلك سكرين + DTF,O19018-016,O19018-016,فوشي / Magenta,
1,40,أكياس وشنط / Bags,كيس بوليستر 33x26x9,Non-woven polyester bag 33x26x9,Size 33 x 26 x 9 - خامة 78 جم - طباعة: سلك سكرين + DTF,O19018-017,O19018-017,أحمر / Red,
1,41,أكياس وشنط / Bags,كيس هدايا كرتون - أخضر,Paper gift bag - green,6 مقاسات من 14x18x8 إلى 50x72x18 cm | 14x18x8 cm,O4135-051,O4135-051,أخضر / Green,قسم «كيس هدايا كرتون» - كل مقاس له كود
1,41,أكياس وشنط / Bags,كيس هدايا كرتون - أخضر,Paper gift bag - green,6 مقاسات من 14x18x8 إلى 50x72x18 cm | 18x23x10 cm,O4135-052,O4135-052,أخضر / Green,قسم «كيس هدايا كرتون» - كل مقاس له كود
1,41,أكياس وشنط / Bags,كيس هدايا كرتون - أخضر,Paper gift bag - green,6 مقاسات من 14x18x8 إلى 50x72x18 cm | 26x32x12 cm,O4135-053,O4135-053,أخضر / Green,قسم «كيس هدايا كرتون» - كل مقاس له كود
1,41,أكياس وشنط / Bags,كيس هدايا كرتون - أخضر,Paper gift bag - green,6 مقاسات من 14x18x8 إلى 50x72x18 cm | 31x42x12 cm,O4135-054,O4135-054,أخضر / Green,قسم «كيس هدايا كرتون» - كل مقاس له كود
1,41,أكياس وشنط / Bags,كيس هدايا كرتون - أخضر,Paper gift bag - green,6 مقاسات من 14x18x8 إلى 50x72x18 cm | 40x56x18 cm,O4135-055,O4135-055,أخضر / Green,قسم «كيس هدايا كرتون» - كل مقاس له كود
1,41,أكياس وشنط / Bags,كيس هدايا كرتون - أخضر,Paper gift bag - green,6 مقاسات من 14x18x8 إلى 50x72x18 cm | 50x72x18 cm,O4135-056,O4135-056,أخضر / Green,قسم «كيس هدايا كرتون» - كل مقاس له كود
1,41,أكياس وشنط / Bags,كيس هدايا كرتون - فضي,Paper gift bag - silver,6 مقاسات من 14x18x8 إلى 50x72x18 cm | 14x18x8 cm,O4135-023,O4135-023,فضي / Silver,قسم «كيس هدايا كرتون» - كل مقاس له كود
1,41,أكياس وشنط / Bags,كيس هدايا كرتون - فضي,Paper gift bag - silver,6 مقاسات من 14x18x8 إلى 50x72x18 cm | 18x23x10 cm,O4135-024,O4135-024,فضي / Silver,قسم «كيس هدايا كرتون» - كل مقاس له كود
1,41,أكياس وشنط / Bags,كيس هدايا كرتون - فضي,Paper gift bag - silver,6 مقاسات من 14x18x8 إلى 50x72x18 cm | 26x32x12 cm,O4135-025,O4135-025,فضي / Silver,قسم «كيس هدايا كرتون» - كل مقاس له كود
1,41,أكياس وشنط / Bags,كيس هدايا كرتون - فضي,Paper gift bag - silver,6 مقاسات من 14x18x8 إلى 50x72x18 cm | 31x42x12 cm,O4135-026,O4135-026,فضي / Silver,قسم «كيس هدايا كرتون» - كل مقاس له كود
1,41,أكياس وشنط / Bags,كيس هدايا كرتون - فضي,Paper gift bag - silver,6 مقاسات من 14x18x8 إلى 50x72x18 cm | 40x56x18 cm,O4135-027,O4135-027,فضي / Silver,قسم «كيس هدايا كرتون» - كل مقاس له كود
1,41,أكياس وشنط / Bags,كيس هدايا كرتون - فضي,Paper gift bag - silver,6 مقاسات من 14x18x8 إلى 50x72x18 cm | 50x72x18 cm,O4135-028,O4135-028,فضي / Silver,قسم «كيس هدايا كرتون» - كل مقاس له كود
1,41,أكياس وشنط / Bags,كيس هدايا كرتون - وردي,Paper gift bag - pink,6 مقاسات من 14x18x8 إلى 50x72x18 cm | 14x18x8 cm,O4135-037,O4135-037,وردي / Pink,قسم «كيس هدايا كرتون» - كل مقاس له كود
1,41,أكياس وشنط / Bags,كيس هدايا كرتون - وردي,Paper gift bag - pink,6 مقاسات من 14x18x8 إلى 50x72x18 cm | 18x23x10 cm,O4135-038,O4135-038,وردي / Pink,قسم «كيس هدايا كرتون» - كل مقاس له كود
1,41,أكياس وشنط / Bags,كيس هدايا كرتون - وردي,Paper gift bag - pink,6 مقاسات من 14x18x8 إلى 50x72x18 cm | 26x32x12 cm,O4135-039,O4135-039,وردي / Pink,قسم «كيس هدايا كرتون» - كل مقاس له كود
1,41,أكياس وشنط / Bags,كيس هدايا كرتون - وردي,Paper gift bag - pink,6 مقاسات من 14x18x8 إلى 50x72x18 cm | 31x42x12 cm,O4135-040,O4135-040,وردي / Pink,قسم «كيس هدايا كرتون» - كل مقاس له كود
1,41,أكياس وشنط / Bags,كيس هدايا كرتون - وردي,Paper gift bag - pink,6 مقاسات من 14x18x8 إلى 50x72x18 cm | 40x56x18 cm,O4135-041,O4135-041,وردي / Pink,قسم «كيس هدايا كرتون» - كل مقاس له كود
1,41,أكياس وشنط / Bags,كيس هدايا كرتون - وردي,Paper gift bag - pink,6 مقاسات من 14x18x8 إلى 50x72x18 cm | 50x72x18 cm,O4135-042,O4135-042,وردي / Pink,قسم «كيس هدايا كرتون» - كل مقاس له كود
1,41,أكياس وشنط / Bags,كيس هدايا كرتون - أبيض,Paper gift bag - white,6 مقاسات من 14x18x8 إلى 50x72x18 cm | 14x18x8 cm,O4135-002,O4135-002,أبيض / White,قسم «كيس هدايا كرتون» - كل مقاس له كود
1,41,أكياس وشنط / Bags,كيس هدايا كرتون - أبيض,Paper gift bag - white,6 مقاسات من 14x18x8 إلى 50x72x18 cm | 18x23x10 cm,O4135-003,O4135-003,أبيض / White,قسم «كيس هدايا كرتون» - كل مقاس له كود
1,41,أكياس وشنط / Bags,كيس هدايا كرتون - أبيض,Paper gift bag - white,6 مقاسات من 14x18x8 إلى 50x72x18 cm | 26x32x12 cm,O4135-004,O4135-004,أبيض / White,قسم «كيس هدايا كرتون» - كل مقاس له كود
1,41,أكياس وشنط / Bags,كيس هدايا كرتون - أبيض,Paper gift bag - white,6 مقاسات من 14x18x8 إلى 50x72x18 cm | 31x42x12 cm,O4135-005,O4135-005,أبيض / White,قسم «كيس هدايا كرتون» - كل مقاس له كود
1,41,أكياس وشنط / Bags,كيس هدايا كرتون - أبيض,Paper gift bag - white,6 مقاسات من 14x18x8 إلى 50x72x18 cm | 40x56x18 cm,O4135-006,O4135-006,أبيض / White,قسم «كيس هدايا كرتون» - كل مقاس له كود
1,41,أكياس وشنط / Bags,كيس هدايا كرتون - أبيض,Paper gift bag - white,6 مقاسات من 14x18x8 إلى 50x72x18 cm | 50x72x18 cm,O4135-007,O4135-007,أبيض / White,قسم «كيس هدايا كرتون» - كل مقاس له كود
1,41,أكياس وشنط / Bags,كيس هدايا كرتون - سماوي,Paper gift bag - sky blue,6 مقاسات من 14x18x8 إلى 50x72x18 cm | 14x18x8 cm,O4135-044,O4135-044,سماوي / Sky blue,قسم «كيس هدايا كرتون» - كل مقاس له كود
1,41,أكياس وشنط / Bags,كيس هدايا كرتون - سماوي,Paper gift bag - sky blue,6 مقاسات من 14x18x8 إلى 50x72x18 cm | 18x23x10 cm,O4135-045,O4135-045,سماوي / Sky blue,قسم «كيس هدايا كرتون» - كل مقاس له كود
1,41,أكياس وشنط / Bags,كيس هدايا كرتون - سماوي,Paper gift bag - sky blue,6 مقاسات من 14x18x8 إلى 50x72x18 cm | 26x32x12 cm,O4135-046,O4135-046,سماوي / Sky blue,قسم «كيس هدايا كرتون» - كل مقاس له كود
1,41,أكياس وشنط / Bags,كيس هدايا كرتون - سماوي,Paper gift bag - sky blue,6 مقاسات من 14x18x8 إلى 50x72x18 cm | 31x42x12 cm,O4135-047,O4135-047,سماوي / Sky blue,قسم «كيس هدايا كرتون» - كل مقاس له كود
1,41,أكياس وشنط / Bags,كيس هدايا كرتون - سماوي,Paper gift bag - sky blue,6 مقاسات من 14x18x8 إلى 50x72x18 cm | 40x56x18 cm,O4135-048,O4135-048,سماوي / Sky blue,قسم «كيس هدايا كرتون» - كل مقاس له كود
1,41,أكياس وشنط / Bags,كيس هدايا كرتون - سماوي,Paper gift bag - sky blue,6 مقاسات من 14x18x8 إلى 50x72x18 cm | 50x72x18 cm,O4135-049,O4135-049,سماوي / Sky blue,قسم «كيس هدايا كرتون» - كل مقاس له كود
1,41,أكياس وشنط / Bags,كيس هدايا كرتون - أحمر,Paper gift bag - red,6 مقاسات من 14x18x8 إلى 50x72x18 cm | 14x18x8 cm,O4135-030,O4135-030,أحمر / Red,قسم «كيس هدايا كرتون» - كل مقاس له كود
1,41,أكياس وشنط / Bags,كيس هدايا كرتون - أحمر,Paper gift bag - red,6 مقاسات من 14x18x8 إلى 50x72x18 cm | 18x23x10 cm,O4135-031,O4135-031,أحمر / Red,قسم «كيس هدايا كرتون» - كل مقاس له كود
1,41,أكياس وشنط / Bags,كيس هدايا كرتون - أحمر,Paper gift bag - red,6 مقاسات من 14x18x8 إلى 50x72x18 cm | 26x32x12 cm,O4135-032,O4135-032,أحمر / Red,قسم «كيس هدايا كرتون» - كل مقاس له كود
1,41,أكياس وشنط / Bags,كيس هدايا كرتون - أحمر,Paper gift bag - red,6 مقاسات من 14x18x8 إلى 50x72x18 cm | 31x42x12 cm,O4135-033,O4135-033,أحمر / Red,قسم «كيس هدايا كرتون» - كل مقاس له كود
1,41,أكياس وشنط / Bags,كيس هدايا كرتون - أحمر,Paper gift bag - red,6 مقاسات من 14x18x8 إلى 50x72x18 cm | 40x56x18 cm,O4135-034,O4135-034,أحمر / Red,قسم «كيس هدايا كرتون» - كل مقاس له كود
1,41,أكياس وشنط / Bags,كيس هدايا كرتون - أحمر,Paper gift bag - red,6 مقاسات من 14x18x8 إلى 50x72x18 cm | 50x72x18 cm,O4135-035,O4135-035,أحمر / Red,قسم «كيس هدايا كرتون» - كل مقاس له كود
1,41,أكياس وشنط / Bags,كيس هدايا كرتون - ذهبي,Paper gift bag - gold,6 مقاسات من 14x18x8 إلى 50x72x18 cm | 14x18x8 cm,O4135-016,O4135-016,ذهبي / Gold,قسم «كيس هدايا كرتون» - كل مقاس له كود
1,41,أكياس وشنط / Bags,كيس هدايا كرتون - ذهبي,Paper gift bag - gold,6 مقاسات من 14x18x8 إلى 50x72x18 cm | 18x23x10 cm,O4135-017,O4135-017,ذهبي / Gold,قسم «كيس هدايا كرتون» - كل مقاس له كود
1,41,أكياس وشنط / Bags,كيس هدايا كرتون - ذهبي,Paper gift bag - gold,6 مقاسات من 14x18x8 إلى 50x72x18 cm | 26x32x12 cm,O4135-018,O4135-018,ذهبي / Gold,قسم «كيس هدايا كرتون» - كل مقاس له كود
1,41,أكياس وشنط / Bags,كيس هدايا كرتون - ذهبي,Paper gift bag - gold,6 مقاسات من 14x18x8 إلى 50x72x18 cm | 31x42x12 cm,O4135-019,O4135-019,ذهبي / Gold,قسم «كيس هدايا كرتون» - كل مقاس له كود
1,41,أكياس وشنط / Bags,كيس هدايا كرتون - ذهبي,Paper gift bag - gold,6 مقاسات من 14x18x8 إلى 50x72x18 cm | 40x56x18 cm,O4135-020,O4135-020,ذهبي / Gold,قسم «كيس هدايا كرتون» - كل مقاس له كود
1,41,أكياس وشنط / Bags,كيس هدايا كرتون - ذهبي,Paper gift bag - gold,6 مقاسات من 14x18x8 إلى 50x72x18 cm | 50x72x18 cm,O4135-021,O4135-021,ذهبي / Gold,قسم «كيس هدايا كرتون» - كل مقاس له كود
1,41,أكياس وشنط / Bags,كيس هدايا كرتون - كحلي,Paper gift bag - navy,6 مقاسات من 14x18x8 إلى 50x72x18 cm | 14x18x8 cm,O4135-058,O4135-058,كحلي / Navy,قسم «كيس هدايا كرتون» - كل مقاس له كود
1,41,أكياس وشنط / Bags,كيس هدايا كرتون - كحلي,Paper gift bag - navy,6 مقاسات من 14x18x8 إلى 50x72x18 cm | 18x23x10 cm,O4135-059,O4135-059,كحلي / Navy,قسم «كيس هدايا كرتون» - كل مقاس له كود
1,41,أكياس وشنط / Bags,كيس هدايا كرتون - كحلي,Paper gift bag - navy,6 مقاسات من 14x18x8 إلى 50x72x18 cm | 26x32x12 cm,O4135-060,O4135-060,كحلي / Navy,قسم «كيس هدايا كرتون» - كل مقاس له كود
1,41,أكياس وشنط / Bags,كيس هدايا كرتون - كحلي,Paper gift bag - navy,6 مقاسات من 14x18x8 إلى 50x72x18 cm | 31x42x12 cm,O4135-061,O4135-061,كحلي / Navy,قسم «كيس هدايا كرتون» - كل مقاس له كود
1,41,أكياس وشنط / Bags,كيس هدايا كرتون - كحلي,Paper gift bag - navy,6 مقاسات من 14x18x8 إلى 50x72x18 cm | 40x56x18 cm,O4135-062,O4135-062,كحلي / Navy,قسم «كيس هدايا كرتون» - كل مقاس له كود
1,41,أكياس وشنط / Bags,كيس هدايا كرتون - كحلي,Paper gift bag - navy,6 مقاسات من 14x18x8 إلى 50x72x18 cm | 50x72x18 cm,O4135-063,O4135-063,كحلي / Navy,قسم «كيس هدايا كرتون» - كل مقاس له كود
1,41,أكياس وشنط / Bags,كيس هدايا كرتون - أسود,Paper gift bag - black,6 مقاسات من 14x18x8 إلى 50x72x18 cm | 14x18x8 cm,O4135-009,O4135-009,أسود / Black,قسم «كيس هدايا كرتون» - كل مقاس له كود
1,41,أكياس وشنط / Bags,كيس هدايا كرتون - أسود,Paper gift bag - black,6 مقاسات من 14x18x8 إلى 50x72x18 cm | 18x23x10 cm,O4135-010,O4135-010,أسود / Black,قسم «كيس هدايا كرتون» - كل مقاس له كود
1,41,أكياس وشنط / Bags,كيس هدايا كرتون - أسود,Paper gift bag - black,6 مقاسات من 14x18x8 إلى 50x72x18 cm | 26x32x12 cm,O4135-011,O4135-011,أسود / Black,قسم «كيس هدايا كرتون» - كل مقاس له كود
1,41,أكياس وشنط / Bags,كيس هدايا كرتون - أسود,Paper gift bag - black,6 مقاسات من 14x18x8 إلى 50x72x18 cm | 31x42x12 cm,O4135-012,O4135-012,أسود / Black,قسم «كيس هدايا كرتون» - كل مقاس له كود
1,41,أكياس وشنط / Bags,كيس هدايا كرتون - أسود,Paper gift bag - black,6 مقاسات من 14x18x8 إلى 50x72x18 cm | 40x56x18 cm,O4135-013,O4135-013,أسود / Black,قسم «كيس هدايا كرتون» - كل مقاس له كود
1,41,أكياس وشنط / Bags,كيس هدايا كرتون - أسود,Paper gift bag - black,6 مقاسات من 14x18x8 إلى 50x72x18 cm | 50x72x18 cm,O4135-014,O4135-014,أسود / Black,قسم «كيس هدايا كرتون» - كل مقاس له كود
1,42,أكياس وشنط / Bags,كيس قماشي (قصة يد),Die-cut handle fabric bag,طباعة: سلك سكرين + DTF | 21x14.8cm,O19018-055,O19018-055,أبيض / White,
1,42,أكياس وشنط / Bags,كيس قماشي (قصة يد),Die-cut handle fabric bag,طباعة: سلك سكرين + DTF | 30 x 21cm,O19018-054,O19018-054,أبيض / White,
1,42,أكياس وشنط / Bags,كيس قماشي (قصة يد),Die-cut handle fabric bag,طباعة: سلك سكرين + DTF | 42 x 30cm,O19018-053,O19018-053,أبيض / White,
1,42,أكياس وشنط / Bags,كيس قماشي بيد,Fabric tote bag with handles,طباعة: سلك سكرين + DTF | 38x34cm,O19018-004,O19018-004,أبيض / White,
1,42,أكياس وشنط / Bags,كيس قماشي بيد,Fabric tote bag with handles,طباعة: سلك سكرين + DTF | 38x34cm,O19018-007,O19018-007,أسود / Black,
1,42,أكياس وشنط / Bags,كيس قماشي بيد,Fabric tote bag with handles,طباعة: سلك سكرين + DTF | 42x32cm,O19018-005,O19018-005,أبيض / White,
1,42,أكياس وشنط / Bags,كيس قماشي بيد,Fabric tote bag with handles,طباعة: سلك سكرين + DTF | 42x32cm,O19018-008,O19018-008,أسود / Black,
1,42,أكياس وشنط / Bags,أكياس بوليستر 41x35x12,Non-woven polyester bag 41x35x12,Size 41 x 35 x 12 - 78 جم,O19018-082,O19018-082,أبيض / White,
1,43,أكياس وشنط / Bags,كيس بوليستر حراري,Polyester sublimation tote bag,32x42 CM,O19018-056,O19018-056,أبيض / White,قسم «كيس قماشي فاخر»
1,43,أكياس وشنط / Bags,كيس بوليستر حراري,Polyester sublimation tote bag,25x30 CM,O19018-057,O19018-057,أبيض / White,قسم «كيس قماشي فاخر»
1,43,أكياس وشنط / Bags,كيس قماشي فاخر,Premium canvas tote bag,25x30 CM,O19018-031,O19018-031,أبيض / White,
1,43,أكياس وشنط / Bags,كيس قماشي فاخر,Premium canvas tote bag,25x30 CM,O19018-032,O19018-032,أسود / Black,
1,43,أكياس وشنط / Bags,كيس قماشي فاخر,Premium canvas tote bag,25x30 CM,O19018-033,O19018-033,خشبي طبيعي / Natural wood,
1,43,أكياس وشنط / Bags,كيس أبيض أطراف ملونة,White bag with coloured trim,35x41x12 CM,O19018-101,O19018-101,أبيض / أزرق / White / Blue,
1,43,أكياس وشنط / Bags,كيس أبيض أطراف ملونة,White bag with coloured trim,35x41x12 CM,O19018-102,O19018-102,أبيض / أخضر / White / Green,
1,44,أكياس وشنط / Bags,كيس قماشي بيج فاخر,Premium beige canvas bag,طباعة: صبليميشن + سلك سكرين + DTF | 38x38 cm,O19018-001,O19018-001,بيج / Beige,
1,44,أكياس وشنط / Bags,كيس قماشي بيج فاخر,Premium beige canvas bag,طباعة: صبليميشن + سلك سكرين + DTF | 42x32 cm,O19018-002,O19018-002,بيج / Beige,
1,44,أكياس وشنط / Bags,كيس قماشي بيج فاخر,Premium beige canvas bag,طباعة: صبليميشن + سلك سكرين + DTF | 22x20 cm,O19018-003,O19018-003,بيج / Beige,
1,44,أكياس وشنط / Bags,كيس بوليستر أبيض,White polyester bag,30x21x9 cm - حراري 70 جم,O19018-051,O19018-051,أبيض / White,
1,44,أكياس وشنط / Bags,كيس بوليستر أبيض,White polyester bag,30x25 cm - أبيض 78 جم,O19018-040,O19018-040,أبيض / White,
1,44,أكياس وشنط / Bags,كيس بوليستر أبيض,White polyester bag,41.5x32 cm - أبيض 78 جم,O19018-041,O19018-041,أبيض / White,
1,44,أكياس وشنط / Bags,كيس توتي باج (كريمي),Cream tote bag with jute base,42x32 cm,O19018-009,O19018-009,كريمي / Cream,
1,44,أكياس وشنط / Bags,شنطة قماش حرارية بيج مع بامبو,Beige sublimation drawstring bag with cork panel,,O19031-038,O19031-038,بيج / فلين / Beige / Cork,
1,44,أكياس وشنط / Bags,أكياس بوليستر أبيض,White polyester bag (sublimation),42x30x11 cm - حراري 70 جم,O19018-052,O19018-052,أبيض / White,
1,45,أكياس وشنط / Bags,شنطة حبل بوليستر,Polyester drawstring bag,طباعة: صبليميشن + DTF + سلك سكرين,O19031-001,O19031-001,أبيض / White,
1,45,أكياس وشنط / Bags,شنطة حبل بوليستر,Polyester drawstring bag,طباعة: صبليميشن + DTF + سلك سكرين,O19031-032,O19031-032,أسود / Black,
1,45,أكياس وشنط / Bags,شنطة حبل بوليستر,Polyester drawstring bag,طباعة: صبليميشن + DTF + سلك سكرين,O19031-033,O19031-033,رمادي / Gray,
1,45,أكياس وشنط / Bags,شنطة حبل بوليستر,Polyester drawstring bag,طباعة: صبليميشن + DTF + سلك سكرين,O19031-034,O19031-034,أزرق / Blue,
1,45,أكياس وشنط / Bags,شنطة حبل بوليستر,Polyester drawstring bag,طباعة: صبليميشن + DTF + سلك سكرين,O19031-035,O19031-035,أحمر / Red,
1,45,أكياس وشنط / Bags,شنطة حبل أبيض حرارية,White sublimation drawstring bag,,O19031-021,O19031-021,أبيض / White,
1,46,أكياس وشنط / Bags,شنطة دعائية سادة,Plain promotional zip bag,طباعة: سلك سكرين + DTF,O19032-011,O19032-011,أسود / Black,
1,46,أكياس وشنط / Bags,شنطة دعائية سادة,Plain promotional zip bag,طباعة: سلك سكرين + DTF,O19032-012,O19032-012,أزرق / Blue,
1,46,أكياس وشنط / Bags,شنطة دعائية سادة,Plain promotional zip bag,طباعة: سلك سكرين + DTF,O19032-013,O19032-013,رمادي / Gray,
1,46,أكياس وشنط / Bags,شنطة دعائية سادة,Plain promotional zip bag,طباعة: سلك سكرين + DTF,O19032-014,O19032-014,أخضر فاتح / Light green,
1,46,أكياس وشنط / Bags,شنطة دعائية سادة,Plain promotional zip bag,طباعة: سلك سكرين + DTF,O19032-015,O19032-015,أحمر / Red,
1,46,أكياس وشنط / Bags,شنطة دعائية سادة,Plain promotional zip bag,طباعة: سلك سكرين + DTF,O19032-016,O19032-016,بنفسجي / Purple,
1,46,أكياس وشنط / Bags,شنطة دعائية سادة,Plain promotional zip bag,طباعة: سلك سكرين + DTF,O19032-017,O19032-017,أصفر / Yellow,
1,46,أكياس وشنط / Bags,شنطة دعائية شبك,Promotional mesh-pattern zip bag,,O19032-012,O19032-012,أزرق / Blue,الكودان 19032-012 و19032-011 مطبوعان أيضاً على الشنطة السادة في نفس الصفحة
1,46,أكياس وشنط / Bags,شنطة دعائية شبك,Promotional mesh-pattern zip bag,,O19032-011,O19032-011,أسود / Black,الكودان 19032-012 و19032-011 مطبوعان أيضاً على الشنطة السادة في نفس الصفحة
1,46,أكياس وشنط / Bags,شنطة دعائية شبك,Promotional mesh-pattern zip bag,,O19032-001,O19032-001,فضي / Silver,الكودان 19032-012 و19032-011 مطبوعان أيضاً على الشنطة السادة في نفس الصفحة
1,47,هدايا دعائية / Promo items,أساور مطاط سيليكون,Silicone wristbands,10x1.2 cm - 100 حبة في الكيس - طباعة سلك سكرين,O19013-001,O19013-001,أبيض / White,
1,47,هدايا دعائية / Promo items,أساور مطاط سيليكون,Silicone wristbands,10x1.2 cm - 100 حبة في الكيس - طباعة سلك سكرين,O19013-002,O19013-002,أسود / Black,
1,47,هدايا دعائية / Promo items,أساور مطاط سيليكون,Silicone wristbands,10x1.2 cm - 100 حبة في الكيس - طباعة سلك سكرين,O19013-003,O19013-003,أخضر / Green,
1,47,هدايا دعائية / Promo items,أساور مطاط سيليكون,Silicone wristbands,10x1.2 cm - 100 حبة في الكيس - طباعة سلك سكرين,O19013-004,O19013-004,أزرق / Blue,
1,47,هدايا دعائية / Promo items,أساور مطاط سيليكون,Silicone wristbands,10x1.2 cm - 100 حبة في الكيس - طباعة سلك سكرين,O19013-005,O19013-005,أحمر / Red,
1,48,هدايا دعائية / Promo items,بالون,Balloon,طباعة سلك سكرين,O19008-001,O19008-001,أبيض / White,
1,48,هدايا دعائية / Promo items,بالون,Balloon,طباعة سلك سكرين,O19008-002,O19008-002,أخضر / Green,
1,48,هدايا دعائية / Promo items,بالون,Balloon,طباعة سلك سكرين,O19008-003,O19008-003,أسود / Black,
1,48,هدايا دعائية / Promo items,بالون,Balloon,طباعة سلك سكرين,O19008-004,O19008-004,كحلي / Navy,
1,48,هدايا دعائية / Promo items,بالون,Balloon,طباعة سلك سكرين,O19008-005,O19008-005,أحمر / Red,
1,48,هدايا دعائية / Promo items,بالون,Balloon,طباعة سلك سكرين,O19008-006,O19008-006,سماوي / Sky blue,
1,48,هدايا دعائية / Promo items,بالون,Balloon,طباعة سلك سكرين,O19008-007,O19008-007,وردي / Pink,
1,48,هدايا دعائية / Promo items,بالون,Balloon,طباعة سلك سكرين,O19008-008,O19008-008,ذهبي / Gold,
1,48,هدايا دعائية / Promo items,بالون,Balloon,طباعة سلك سكرين,O19008-009,O19008-009,فضي / Silver,
1,48,هدايا دعائية / Promo items,بالون,Balloon,طباعة سلك سكرين,O19008-010,O19008-010,أصفر / Yellow,
1,48,هدايا دعائية / Promo items,بالون,Balloon,طباعة سلك سكرين,O19008-011,O19008-011,برتقالي / Orange,
1,49,هدايا دعائية / Promo items,عصا بالون بلاستيك,Plastic balloon sticks,42 سم,O19008-031,O19008-031,أبيض / White,
1,49,هدايا دعائية / Promo items,عصا بالون بلاستيك,Plastic balloon sticks,42 سم,O19008-032,O19008-032,أخضر / Green,
1,49,هدايا دعائية / Promo items,عصا بالون بلاستيك,Plastic balloon sticks,42 سم,O19008-035,O19008-035,أحمر / Red,
1,49,هدايا دعائية / Promo items,عصا بالون بلاستيك,Plastic balloon sticks,42 سم,O19008-036,O19008-036,سماوي / Sky blue,
1,49,هدايا دعائية / Promo items,عصا بالون بلاستيك,Plastic balloon sticks,42 سم,O19008-037,O19008-037,وردي / Pink,
1,49,هدايا دعائية / Promo items,عصا بالون بلاستيك,Plastic balloon sticks,42 سم,O19008-038,O19008-038,ذهبي / Gold,
1,49,هدايا دعائية / Promo items,عصا بالون بلاستيك,Plastic balloon sticks,42 سم,O19008-040,O19008-040,أصفر / Yellow,
1,50,هدايا دعائية / Promo items,كرة التوتر,Stress ball,7 سم - 26 جرام - طباعة Pad printing,O19076-001,O19076-001,أبيض / White,
1,50,هدايا دعائية / Promo items,كرة التوتر,Stress ball,7 سم - 26 جرام - طباعة Pad printing,O19076-002,O19076-002,أسود / Black,
1,50,هدايا دعائية / Promo items,كرة التوتر,Stress ball,7 سم - 26 جرام - طباعة Pad printing,O19076-003,O19076-003,أزرق / Blue,
1,50,هدايا دعائية / Promo items,كرة التوتر,Stress ball,7 سم - 26 جرام - طباعة Pad printing,O19076-004,O19076-004,أخضر / Green,
1,50,هدايا دعائية / Promo items,كرة التوتر,Stress ball,7 سم - 26 جرام - طباعة Pad printing,O19076-005,O19076-005,أحمر / Red,
1,50,هدايا دعائية / Promo items,كرة التوتر,Stress ball,7 سم - 26 جرام - طباعة Pad printing,O19076-006,O19076-006,فضي / Silver,
1,50,هدايا دعائية / Promo items,كرة التوتر,Stress ball,7 سم - 26 جرام - طباعة Pad printing,O19076-007,O19076-007,أصفر / Yellow,
1,50,هدايا دعائية / Promo items,كرة التوتر,Stress ball,7 سم - 26 جرام - طباعة Pad printing,O19076-008,O19076-008,كحلي / Navy,
1,50,هدايا دعائية / Promo items,كرة التوتر,Stress ball,7 سم - 26 جرام - طباعة Pad printing,O19076-009,O19076-009,خوخي / Peach,
1,51,هدايا دعائية / Promo items,مكعب التوتر,Stress cube,6.5x6.5 - 37 جرام - طباعة Pad / Screen printing,O19076-041,O19076-041,أبيض / White,
1,51,هدايا دعائية / Promo items,مكعب التوتر,Stress cube,6.5x6.5 - 37 جرام - طباعة Pad / Screen printing,O19076-042,O19076-042,أسود / Black,
1,51,هدايا دعائية / Promo items,مكعب التوتر,Stress cube,6.5x6.5 - 37 جرام - طباعة Pad / Screen printing,O19076-043,O19076-043,أزرق / Blue,
1,51,هدايا دعائية / Promo items,مكعب التوتر,Stress cube,6.5x6.5 - 37 جرام - طباعة Pad / Screen printing,O19076-044,O19076-044,أخضر / Green,
1,51,هدايا دعائية / Promo items,مكعب التوتر,Stress cube,6.5x6.5 - 37 جرام - طباعة Pad / Screen printing,O19076-045,O19076-045,أحمر / Red,
1,51,هدايا دعائية / Promo items,مكعب التوتر,Stress cube,6.5x6.5 - 37 جرام - طباعة Pad / Screen printing,O19076-046,O19076-046,فضي / Silver,
1,51,هدايا دعائية / Promo items,مكعب التوتر,Stress cube,6.5x6.5 - 37 جرام - طباعة Pad / Screen printing,O19076-047,O19076-047,أصفر / Yellow,
1,51,هدايا دعائية / Promo items,مكعب التوتر,Stress cube,6.5x6.5 - 37 جرام - طباعة Pad / Screen printing,O19076-048,O19076-048,كحلي / Navy,
1,51,هدايا دعائية / Promo items,مكعب التوتر,Stress cube,6.5x6.5 - 37 جرام - طباعة Pad / Screen printing,O19076-049,O19076-049,بيج / Beige,
1,52,"بروشات وبطاقات وعلاقات / Badges, lanyards & ID",بروش ستانلس (دبوس),Stainless pin button badge,قابل للطباعة | 4.4 cm,O19004-001,O19004-001,أبيض / White,
1,52,"بروشات وبطاقات وعلاقات / Badges, lanyards & ID",بروش ستانلس (دبوس),Stainless pin button badge,قابل للطباعة | 5.8 cm,O19004-002,O19004-002,أبيض / White,
1,52,"بروشات وبطاقات وعلاقات / Badges, lanyards & ID",بروش ستانلس مغناطيس,Stainless magnetic button badge,4.4 cm,O19004-003,O19004-003,أبيض / White,مقاس 5.8 cm المغناطيسي بدون كود مطبوع
1,52,"بروشات وبطاقات وعلاقات / Badges, lanyards & ID",بروش ستانلس مغناطيس,Stainless magnetic button badge,5.8 cm,?,O?-p052-2-2,أبيض / White,مقاس 5.8 cm المغناطيسي بدون كود مطبوع
1,53,"بروشات وبطاقات وعلاقات / Badges, lanyards & ID",بروش حديد دائري (مغناطيس),Round magnetic badge fastener,,O19004-031,O19004-031,فضي / Silver,
1,53,"بروشات وبطاقات وعلاقات / Badges, lanyards & ID",بروش حديد مستطيل (مغناطيس),Rectangular magnetic badge fastener,4.5 cm,O19004-032,O19004-032,فضي / Silver,
1,53,"بروشات وبطاقات وعلاقات / Badges, lanyards & ID",بروش مغناطيس لاصق,Adhesive magnetic badge fastener,1.5 cm,O19004-034,O19004-034,أسود / أبيض / Black / White,
1,53,"بروشات وبطاقات وعلاقات / Badges, lanyards & ID",بروش مغناطيس 3 نقاط,3-magnet badge fastener strip,,O19004-033,O19004-033,أسود / Black,
1,54,"بروشات وبطاقات وعلاقات / Badges, lanyards & ID",بروش حديد مستطيل (أعلام وخرائط),Metal flag & map lapel pins,4 x 3 cm | خريطة,O19004-005,O19004-005,أخضر / Green,
1,54,"بروشات وبطاقات وعلاقات / Badges, lanyards & ID",بروش حديد مستطيل (أعلام وخرائط),Metal flag & map lapel pins,4 x 3 cm | علم - سارية فضية,O19004-009,O19004-009,أخضر / Green,
1,54,"بروشات وبطاقات وعلاقات / Badges, lanyards & ID",بروش حديد مستطيل (أعلام وخرائط),Metal flag & map lapel pins,4 x 3 cm | علم - سارية ذهبية,O19004-010,O19004-010,أخضر / Green,
1,54,"بروشات وبطاقات وعلاقات / Badges, lanyards & ID",بروش حديد مستطيل (أعلام وخرائط),Metal flag & map lapel pins,4 x 3 cm | علم مستطيل,O19004-011,O19004-011,أخضر / Green,
1,54,"بروشات وبطاقات وعلاقات / Badges, lanyards & ID",بروش حديد مستطيل (أعلام وخرائط),Metal flag & map lapel pins,4 x 3 cm | علمان متقاطعان,O19004-012,O19004-012,كريمي / Cream,
1,54,"بروشات وبطاقات وعلاقات / Badges, lanyards & ID",بروش حديد مستطيل (أعلام وخرائط),Metal flag & map lapel pins,4 x 3 cm | علمان متقاطعان,O19004-013,O19004-013,أخضر / Green,
1,54,"بروشات وبطاقات وعلاقات / Badges, lanyards & ID",بروش حديد مستطيل (أعلام وخرائط),Metal flag & map lapel pins,4 x 3 cm | علمان متقاطعان,O19004-014,O19004-014,بني / Brown,
1,54,"بروشات وبطاقات وعلاقات / Badges, lanyards & ID",بروش حديد مستطيل (أعلام وخرائط),Metal flag & map lapel pins,4 x 3 cm | خريطة,O19004-017,O19004-017,أبيض / White,
1,55,"بروشات وبطاقات وعلاقات / Badges, lanyards & ID",خيط سحب (معدن),Retractable badge reel - metal,الطول 100 سم,O19012-001,O19012-001,أبيض / White,
1,55,"بروشات وبطاقات وعلاقات / Badges, lanyards & ID",خيط سحب (معدن),Retractable badge reel - metal,الطول 100 سم,O19012-002,O19012-002,فضي / Silver,
1,55,"بروشات وبطاقات وعلاقات / Badges, lanyards & ID",خيط سحب (معدن),Retractable badge reel - metal,الطول 100 سم,O19012-003,O19012-003,أسود / Black,
1,55,"بروشات وبطاقات وعلاقات / Badges, lanyards & ID",خيط سحب (معدن),Retractable badge reel - metal,الطول 100 سم,O19012-004,O19012-004,أزرق / Blue,
1,55,"بروشات وبطاقات وعلاقات / Badges, lanyards & ID",خيط سحب (معدن),Retractable badge reel - metal,الطول 100 سم,O19012-005,O19012-005,أخضر / Green,
1,55,"بروشات وبطاقات وعلاقات / Badges, lanyards & ID",خيط سحب بلاستيك ساده (مع ميدالية),Plain plastic badge reel with clasp,,O5521-062,O5521-062,أبيض / White,
1,55,"بروشات وبطاقات وعلاقات / Badges, lanyards & ID",خيط سحب بلاستيك ساده (مع ميدالية),Plain plastic badge reel with clasp,,O5521-063,O5521-063,أحمر / Red,
1,55,"بروشات وبطاقات وعلاقات / Badges, lanyards & ID",خيط سحب بلاستيك ساده (مع ميدالية),Plain plastic badge reel with clasp,,O5521-065,O5521-065,أسود / Black,
1,55,"بروشات وبطاقات وعلاقات / Badges, lanyards & ID",خيط سحب بلاستيك شفاف,Translucent plastic badge reel,,O5521-057,O5521-057,شفاف / Clear,
1,55,"بروشات وبطاقات وعلاقات / Badges, lanyards & ID",خيط سحب بلاستيك شفاف,Translucent plastic badge reel,,O5521-058,O5521-058,أخضر / Green,
1,55,"بروشات وبطاقات وعلاقات / Badges, lanyards & ID",خيط سحب بلاستيك شفاف,Translucent plastic badge reel,,O5521-059,O5521-059,أحمر / Red,
1,55,"بروشات وبطاقات وعلاقات / Badges, lanyards & ID",خيط سحب بلاستيك شفاف,Translucent plastic badge reel,,O5521-060,O5521-060,أزرق / Blue,
1,56,"بروشات وبطاقات وعلاقات / Badges, lanyards & ID",علاقة بطاقات سحاب بلاستيك,Plastic retractable badge holder,الطول 100 سم - Plastic Matt 3.2 CM | مربع,O19012-041,O19012-041,أبيض / White,
1,56,"بروشات وبطاقات وعلاقات / Badges, lanyards & ID",علاقة بطاقات سحاب بلاستيك,Plastic retractable badge holder,الطول 100 سم - Plastic Matt 3.2 CM | مربع,O19012-044,O19012-044,رمادي / Gray,
1,56,"بروشات وبطاقات وعلاقات / Badges, lanyards & ID",علاقة بطاقات سحاب بلاستيك,Plastic retractable badge holder,الطول 100 سم - Plastic Matt 3.2 CM,O19012-021,O19012-021,أبيض / White,
1,56,"بروشات وبطاقات وعلاقات / Badges, lanyards & ID",علاقة بطاقات سحاب بلاستيك,Plastic retractable badge holder,الطول 100 سم - Plastic Matt 3.2 CM,O19012-022,O19012-022,أسود / Black,
1,56,"بروشات وبطاقات وعلاقات / Badges, lanyards & ID",علاقة بطاقات سحاب بلاستيك,Plastic retractable badge holder,الطول 100 سم - Plastic Matt 3.2 CM,O19012-023,O19012-023,أزرق / Blue,
1,56,"بروشات وبطاقات وعلاقات / Badges, lanyards & ID",علاقة بطاقات سحاب بلاستيك,Plastic retractable badge holder,الطول 100 سم - Plastic Matt 3.2 CM,O19012-024,O19012-024,رمادي / Gray,
1,56,"بروشات وبطاقات وعلاقات / Badges, lanyards & ID",علاقة بطاقات سحاب بلاستيك,Plastic retractable badge holder,الطول 100 سم - Plastic Matt 3.2 CM,O19012-025,O19012-025,أخضر / Green,
1,56,"بروشات وبطاقات وعلاقات / Badges, lanyards & ID",علاقة بطاقات سحاب بلاستيك,Plastic retractable badge holder,الطول 100 سم - Plastic Matt 3.2 CM,O19012-026,O19012-026,أحمر / Red,
1,57,"بروشات وبطاقات وعلاقات / Badges, lanyards & ID",حبل علاقة,Lanyard,طباعة UV | 45x2 cm - رأس واحد,O19011-021,O19011-021,أبيض / White,
1,57,"بروشات وبطاقات وعلاقات / Badges, lanyards & ID",حبل علاقة,Lanyard,طباعة UV | 45x2 cm - رأس واحد,O19011-022,O19011-022,أسود / Black,
1,57,"بروشات وبطاقات وعلاقات / Badges, lanyards & ID",حبل علاقة,Lanyard,طباعة UV | 45x2 cm - رأس واحد,O19011-023,O19011-023,أزرق / Blue,
1,57,"بروشات وبطاقات وعلاقات / Badges, lanyards & ID",حبل علاقة,Lanyard,طباعة UV | 42.2x2 cm - رأسين,O19011-001,O19011-001,أبيض / White,
1,57,"بروشات وبطاقات وعلاقات / Badges, lanyards & ID",حبل علاقة,Lanyard,طباعة UV | 45x2.5 cm - رأس واحد,O19011-014,O19011-014,أخضر / Green,
1,57,"بروشات وبطاقات وعلاقات / Badges, lanyards & ID",حبل علاقة,Lanyard,طباعة UV | 46x2.5 cm - رأس واحد,O19011-011,O19011-011,أبيض / White,
1,57,"بروشات وبطاقات وعلاقات / Badges, lanyards & ID",حبل علاقة,Lanyard,طباعة UV | 45x2.5 cm - رأس واحد,O19011-013,O19011-013,أبيض / White,
1,57,"بروشات وبطاقات وعلاقات / Badges, lanyards & ID",حبل علاقة,Lanyard,طباعة UV | 45x2.5 cm - رأس واحد,O19011-012,O19011-012,أسود / Black,
1,58,"بروشات وبطاقات وعلاقات / Badges, lanyards & ID",حبل علاقة قابل للفصل,Breakaway lanyard,45x2 cm - رأس واحد - طباعة UV - قابل للفصل,O19011-031,O19011-031,أبيض / White,
1,58,"بروشات وبطاقات وعلاقات / Badges, lanyards & ID",حبل علاقة قابل للفصل,Breakaway lanyard,45x2 cm - رأس واحد - طباعة UV - قابل للفصل,O19011-032,O19011-032,أسود / Black,
1,58,"بروشات وبطاقات وعلاقات / Badges, lanyards & ID",حبل علاقة قابل للفصل,Breakaway lanyard,45x2 cm - رأس واحد - طباعة UV - قابل للفصل,O19011-033,O19011-033,أزرق / Blue,
1,58,"بروشات وبطاقات وعلاقات / Badges, lanyards & ID",حبل علاقة قابل للفصل,Breakaway lanyard,45x2 cm - رأس واحد - طباعة UV - قابل للفصل,O19011-034,O19011-034,تركوازي / Teal,
1,58,"بروشات وبطاقات وعلاقات / Badges, lanyards & ID",حبل علاقة قابل للفصل,Breakaway lanyard,45x2 cm - رأس واحد - طباعة UV - قابل للفصل,O19011-035,O19011-035,كريمي / Cream,
1,58,"بروشات وبطاقات وعلاقات / Badges, lanyards & ID",حبل علاقة قابل للفصل,Breakaway lanyard,45x2 cm - رأس واحد - طباعة UV - قابل للفصل,O19011-036,O19011-036,بنفسجي / Purple,
1,58,"بروشات وبطاقات وعلاقات / Badges, lanyards & ID",حبل علاقة قابل للفصل,Breakaway lanyard,45x2 cm - رأس واحد - طباعة UV - قابل للفصل,O19011-024,O19011-024,أحمر / Red,
1,58,"بروشات وبطاقات وعلاقات / Badges, lanyards & ID",حبل علاقة قابل للفصل,Breakaway lanyard,45x2 cm - رأس واحد - طباعة UV - قابل للفصل,O19011-025,O19011-025,برتقالي / Orange,
1,58,"بروشات وبطاقات وعلاقات / Badges, lanyards & ID",حبل علاقة قابل للفصل,Breakaway lanyard,45x2 cm - رأس واحد - طباعة UV - قابل للفصل,O19011-026,O19011-026,كحلي / Navy,
1,58,"بروشات وبطاقات وعلاقات / Badges, lanyards & ID",حبل علاقة قابل للفصل,Breakaway lanyard,45x2 cm - رأس واحد - طباعة UV - قابل للفصل,O19011-027,O19011-027,بيج / Beige,
1,59,"بروشات وبطاقات وعلاقات / Badges, lanyards & ID",لينيارد مع يويو,Lanyard with retractable yoyo reel,عرض 2 سم - طول 42 سم,O19011-051,O19011-051,أبيض / White,
1,59,"بروشات وبطاقات وعلاقات / Badges, lanyards & ID",لينيارد مع يويو,Lanyard with retractable yoyo reel,عرض 2 سم - طول 42 سم,O19011-052,O19011-052,أسود / Black,
1,59,"بروشات وبطاقات وعلاقات / Badges, lanyards & ID",لينيارد مع يويو,Lanyard with retractable yoyo reel,عرض 2 سم - طول 42 سم,O19011-053,O19011-053,كحلي / Navy,
1,59,"بروشات وبطاقات وعلاقات / Badges, lanyards & ID",لينيارد مع يويو,Lanyard with retractable yoyo reel,عرض 2 سم - طول 42 سم,O19011-054,O19011-054,أخضر / Green,
1,59,"بروشات وبطاقات وعلاقات / Badges, lanyards & ID",لينيارد مع يويو,Lanyard with retractable yoyo reel,عرض 2 سم - طول 42 سم,O19011-055,O19011-055,عنابي / Maroon,
1,59,"بروشات وبطاقات وعلاقات / Badges, lanyards & ID",لينيارد مع يويو,Lanyard with retractable yoyo reel,عرض 2 سم - طول 42 سم,O19011-056,O19011-056,بيج / Beige,
1,60,"بروشات وبطاقات وعلاقات / Badges, lanyards & ID",علاقة اسم معدني عريض,Wide metal-frame name badge holder,,O19014-001,O19014-001,فضي / Silver,
1,60,"بروشات وبطاقات وعلاقات / Badges, lanyards & ID",علاقة اسم معدني عريض,Wide metal-frame name badge holder,,O19014-002,O19014-002,أسود / Black,
1,60,"بروشات وبطاقات وعلاقات / Badges, lanyards & ID",بطاقة اسم أبيض أكريليك,White acrylic name card,قابل للطباعة | 9 x 14 cm,O19014-011,O19014-011,أبيض / White,
1,60,"بروشات وبطاقات وعلاقات / Badges, lanyards & ID",بطاقة اسم أبيض أكريليك,White acrylic name card,قابل للطباعة,O19014-012,O19014-012,أبيض / White,
1,60,"بروشات وبطاقات وعلاقات / Badges, lanyards & ID",حامل بطاقة مع خرم منحني,ID card holder with curved slot,Size 10.7 x 6.7 cm,O19014-032,O19014-032,أسود / Black,
1,60,"بروشات وبطاقات وعلاقات / Badges, lanyards & ID",حامل بطاقة مع خرم منحني,ID card holder with curved slot,Size 10.7 x 6.7 cm,O19014-033,O19014-033,أزرق / Blue,
1,60,"بروشات وبطاقات وعلاقات / Badges, lanyards & ID",حامل بطاقة مع خرم منحني,ID card holder with curved slot,Size 10.7 x 6.7 cm,O19014-034,O19014-034,أخضر / Green,
1,60,"بروشات وبطاقات وعلاقات / Badges, lanyards & ID",حامل بطاقة مع خرم منحني,ID card holder with curved slot,Size 10.7 x 6.7 cm,O19014-035,O19014-035,أحمر / Red,
1,61,"بروشات وبطاقات وعلاقات / Badges, lanyards & ID",حامل بطاقة مع خرم,ID card holder with thumb slot,Size 10.5 x 6.3 cm,O19014-023,O19014-023,أزرق / Blue,
1,61,"بروشات وبطاقات وعلاقات / Badges, lanyards & ID",حامل بطاقة مع خرم,ID card holder with thumb slot,Size 10.5 x 6.3 cm,O19014-031,O19014-031,أبيض / White,
1,61,"بروشات وبطاقات وعلاقات / Badges, lanyards & ID",حامل بطاقة مع خرم,ID card holder with thumb slot,Size 10.5 x 6.3 cm,O19014-022,O19014-022,أسود / Black,
1,61,"بروشات وبطاقات وعلاقات / Badges, lanyards & ID",حامل بطاقة مع خرم,ID card holder with thumb slot,Size 10.5 x 6.3 cm,O19014-024,O19014-024,أخضر / Green,
1,61,"بروشات وبطاقات وعلاقات / Badges, lanyards & ID",حامل بطاقة مع خرم,ID card holder with thumb slot,Size 10.5 x 6.3 cm,O19014-025,O19014-025,أحمر / Red,
1,61,"بروشات وبطاقات وعلاقات / Badges, lanyards & ID",حامل بطاقة جلد مطرز مع خرم ومغناطيس,Stitched leather card holder with slot & magnet,10 x 6.5 cm,O19014-041,O19014-041,أبيض / White,
1,61,"بروشات وبطاقات وعلاقات / Badges, lanyards & ID",حامل بطاقة جلد مطرز مع خرم ومغناطيس,Stitched leather card holder with slot & magnet,10 x 6.5 cm,O19014-042,O19014-042,أسود / Black,
1,61,"بروشات وبطاقات وعلاقات / Badges, lanyards & ID",حامل بطاقة جلد مطرز مع خرم ومغناطيس,Stitched leather card holder with slot & magnet,10 x 6.5 cm,O19014-043,O19014-043,كحلي / Navy,
1,61,"بروشات وبطاقات وعلاقات / Badges, lanyards & ID",حامل بطاقة جلد مطرز مع خرم ومغناطيس,Stitched leather card holder with slot & magnet,10 x 6.5 cm,O19014-044,O19014-044,أخضر / Green,
1,61,"بروشات وبطاقات وعلاقات / Badges, lanyards & ID",حامل بطاقة جلد مطرز مع خرم ومغناطيس,Stitched leather card holder with slot & magnet,10 x 6.5 cm,O19014-045,O19014-045,عنابي / Maroon,
1,62,"بروشات وبطاقات وعلاقات / Badges, lanyards & ID",محفظة جلد ID - حامل جوال مغناطيس,Leather magnetic phone card wallet (ID),6 x 9.5 cm,O19053-001,O19053-001,أبيض / White,
1,62,"بروشات وبطاقات وعلاقات / Badges, lanyards & ID",محفظة جلد ID - حامل جوال مغناطيس,Leather magnetic phone card wallet (ID),6 x 9.5 cm,O19053-002,O19053-002,أسود / Black,
1,62,"بروشات وبطاقات وعلاقات / Badges, lanyards & ID",محفظة جلد ID - حامل جوال مغناطيس,Leather magnetic phone card wallet (ID),6 x 9.5 cm,O19053-003,O19053-003,كحلي / Navy,
1,62,"بروشات وبطاقات وعلاقات / Badges, lanyards & ID",محفظة جلد ID - حامل جوال مغناطيس,Leather magnetic phone card wallet (ID),6 x 9.5 cm,O19053-004,O19053-004,أخضر / Green,
1,62,"بروشات وبطاقات وعلاقات / Badges, lanyards & ID",محفظة جلد ID - حامل جوال مغناطيس,Leather magnetic phone card wallet (ID),6 x 9.5 cm,O19053-005,O19053-005,بيج / Beige,
1,62,"بروشات وبطاقات وعلاقات / Badges, lanyards & ID",حامل بطاقة جلد - قفل مغناطيس,Leather business card holder - magnetic lock,10 x 6.5 cm,O19014-071,O19014-071,أبيض / White,
1,62,"بروشات وبطاقات وعلاقات / Badges, lanyards & ID",حامل بطاقة جلد - قفل مغناطيس,Leather business card holder - magnetic lock,10 x 6.5 cm,O19014-072,O19014-072,أسود / Black,
1,62,"بروشات وبطاقات وعلاقات / Badges, lanyards & ID",حامل بطاقة جلد - قفل مغناطيس,Leather business card holder - magnetic lock,10 x 6.5 cm,O19014-073,O19014-073,كحلي / Navy,
1,62,"بروشات وبطاقات وعلاقات / Badges, lanyards & ID",حامل بطاقة جلد - قفل مغناطيس,Leather business card holder - magnetic lock,10 x 6.5 cm,O19014-074,O19014-074,أخضر / Green,
1,62,"بروشات وبطاقات وعلاقات / Badges, lanyards & ID",حامل بطاقة جلد - قفل مغناطيس,Leather business card holder - magnetic lock,10 x 6.5 cm,O19014-075,O19014-075,عنابي / Maroon,
1,62,"بروشات وبطاقات وعلاقات / Badges, lanyards & ID",حامل بطاقة جلد - قفل مغناطيس,Leather business card holder - magnetic lock,10 x 6.5 cm,O19014-076,O19014-076,بيج / Beige,
1,63,ملابس وشماغ / Apparel,سديرية,Kids vest (sudairiya),"المقاس S, M, L, 4, 8, 10 - طباعة صبليميشن + سلك سكرين + DTF",O19010-011,O19010-011,أخضر / Green,كود واحد مطبوع؛ الصورة تعرض ألوان كريمي/أبيض/أخضر
1,63,ملابس وشماغ / Apparel,سترة السلامة,Safety vest,المقاسات L - XL - XXL - 120 جرام - لاصق رمادي,O19010-033,O19010-033,أصفر / Yellow,3 أكواد لكل لون (غالباً حسب المقاسات L/XL/XXL لكن الربط غير مطبوع صراحة)
1,63,ملابس وشماغ / Apparel,سترة السلامة,Safety vest,المقاسات L - XL - XXL - 120 جرام - لاصق رمادي,O19010-034,O19010-034,أصفر / Yellow,3 أكواد لكل لون (غالباً حسب المقاسات L/XL/XXL لكن الربط غير مطبوع صراحة)
1,63,ملابس وشماغ / Apparel,سترة السلامة,Safety vest,المقاسات L - XL - XXL - 120 جرام - لاصق رمادي,O19010-035,O19010-035,أصفر / Yellow,3 أكواد لكل لون (غالباً حسب المقاسات L/XL/XXL لكن الربط غير مطبوع صراحة)
1,63,ملابس وشماغ / Apparel,سترة السلامة,Safety vest,المقاسات L - XL - XXL - 120 جرام - لاصق رمادي,O19010-043,O19010-043,برتقالي / Orange,3 أكواد لكل لون (غالباً حسب المقاسات L/XL/XXL لكن الربط غير مطبوع صراحة)
1,63,ملابس وشماغ / Apparel,سترة السلامة,Safety vest,المقاسات L - XL - XXL - 120 جرام - لاصق رمادي,O19010-044,O19010-044,برتقالي / Orange,3 أكواد لكل لون (غالباً حسب المقاسات L/XL/XXL لكن الربط غير مطبوع صراحة)
1,63,ملابس وشماغ / Apparel,سترة السلامة,Safety vest,المقاسات L - XL - XXL - 120 جرام - لاصق رمادي,O19010-045,O19010-045,برتقالي / Orange,3 أكواد لكل لون (غالباً حسب المقاسات L/XL/XXL لكن الربط غير مطبوع صراحة)
1,63,ملابس وشماغ / Apparel,سترة السلامة,Safety vest,المقاسات L - XL - XXL - 120 جرام - لاصق رمادي,O19010-053,O19010-053,أسود / Black,3 أكواد لكل لون (غالباً حسب المقاسات L/XL/XXL لكن الربط غير مطبوع صراحة)
1,63,ملابس وشماغ / Apparel,سترة السلامة,Safety vest,المقاسات L - XL - XXL - 120 جرام - لاصق رمادي,O19010-054,O19010-054,أسود / Black,3 أكواد لكل لون (غالباً حسب المقاسات L/XL/XXL لكن الربط غير مطبوع صراحة)
1,63,ملابس وشماغ / Apparel,سترة السلامة,Safety vest,المقاسات L - XL - XXL - 120 جرام - لاصق رمادي,O19010-055,O19010-055,أسود / Black,3 أكواد لكل لون (غالباً حسب المقاسات L/XL/XXL لكن الربط غير مطبوع صراحة)
1,64,ملابس وشماغ / Apparel,لفحة,Graduation stole (lafha),270 GM - قطيفة مع شرشوبة - طباعة صبليميشن + سلك سكرين + DTF,O19002-024,O19002-024,عنابي / Maroon,كل كود مطبوع مرتين تحت الصورة
1,64,ملابس وشماغ / Apparel,لفحة,Graduation stole (lafha),270 GM - قطيفة مع شرشوبة - طباعة صبليميشن + سلك سكرين + DTF,O19002-025,O19002-025,بيج / عنابي / Beige / Maroon,كل كود مطبوع مرتين تحت الصورة
1,64,ملابس وشماغ / Apparel,لفحة,Graduation stole (lafha),270 GM - قطيفة مع شرشوبة - طباعة صبليميشن + سلك سكرين + DTF,O19002-026,O19002-026,أبيض / بيج / White / Beige,كل كود مطبوع مرتين تحت الصورة
1,65,أغلفة شهادات / Certificate covers,غلاف شهادة جلد فاخر سادة,Premium plain leather certificate cover,طباعة: بصمة حرارية - سلك سكرين - UV,O3030-001,O3030-001,أسود / Black,
1,65,أغلفة شهادات / Certificate covers,غلاف شهادة جلد فاخر سادة,Premium plain leather certificate cover,طباعة: بصمة حرارية - سلك سكرين - UV,O3030-002,O3030-002,أخضر / Green,
1,65,أغلفة شهادات / Certificate covers,غلاف شهادة جلد فاخر سادة,Premium plain leather certificate cover,طباعة: بصمة حرارية - سلك سكرين - UV,O3030-003,O3030-003,كحلي / Navy,
1,65,أغلفة شهادات / Certificate covers,غلاف شهادة جلد سادة,Plain leather certificate cover,,O3029-001,O3029-001,أسود / Black,
1,65,أغلفة شهادات / Certificate covers,غلاف شهادة جلد سادة,Plain leather certificate cover,,O3029-002,O3029-002,أخضر / Green,
1,65,أغلفة شهادات / Certificate covers,غلاف شهادة جلد سادة,Plain leather certificate cover,,O3029-003,O3029-003,كحلي / Navy,
1,65,أغلفة شهادات / Certificate covers,غلاف شهادة جلد سادة,Plain leather certificate cover,,O3029-004,O3029-004,أحمر / Red,
1,65,أغلفة شهادات / Certificate covers,غلاف شهادة جلد فاخر سادة (ألوان),Premium plain leather certificate cover - colours,,O3042-001,O3042-001,بني / Brown,
1,65,أغلفة شهادات / Certificate covers,غلاف شهادة جلد فاخر سادة (ألوان),Premium plain leather certificate cover - colours,,O3042-002,O3042-002,أبيض / White,
1,65,أغلفة شهادات / Certificate covers,غلاف شهادة جلد فاخر سادة (ألوان),Premium plain leather certificate cover - colours,,O3042-003,O3042-003,جملي / Tan,
1,65,أغلفة شهادات / Certificate covers,غلاف شهادة جلد فاخر سادة (ألوان),Premium plain leather certificate cover - colours,,O3042-004,O3042-004,رمادي / Gray,
1,65,أغلفة شهادات / Certificate covers,غلاف شهادة جلد فاخر سادة (ألوان),Premium plain leather certificate cover - colours,,O3042-005,O3042-005,كحلي / Navy,
1,65,أغلفة شهادات / Certificate covers,غلاف شهادة جلد فاخر سادة (ألوان),Premium plain leather certificate cover - colours,,O3042-006,O3042-006,أخضر / Green,
1,65,أغلفة شهادات / Certificate covers,غلاف شهادة جلد فاخر سادة (ألوان),Premium plain leather certificate cover - colours,,O3042-007,O3042-007,أسود / Black,
1,66,أغلفة شهادات / Certificate covers,غلاف شهادة جلد فاخر سادة,Premium plain leather certificate cover,,O3041-001,O3041-001,أسود / Black,
1,66,أغلفة شهادات / Certificate covers,غلاف شهادة جلد فاخر سادة,Premium plain leather certificate cover,,O3041-002,O3041-002,كحلي / Navy,
1,66,أغلفة شهادات / Certificate covers,غلاف شهادة جلد فاخر سادة,Premium plain leather certificate cover,,O3041-003,O3041-003,أخضر / Green,
1,66,أغلفة شهادات / Certificate covers,غلاف شهادة جلد سادة مبطن,Padded plain leather certificate cover,,O3038-005,O3038-005,أحمر / Red,
1,66,أغلفة شهادات / Certificate covers,غلاف شهادة جلد سادة مبطن,Padded plain leather certificate cover,,O3038-006,O3038-006,كحلي / Navy,
1,66,أغلفة شهادات / Certificate covers,غلاف شهادة جلد سادة مبطن,Padded plain leather certificate cover,,O3038-007,O3038-007,أخضر / Green,
1,66,أغلفة شهادات / Certificate covers,غلاف شهادة جلد سادة مبطن,Padded plain leather certificate cover,,O3038-008,O3038-008,أسود / Black,
1,66,أغلفة شهادات / Certificate covers,غلاف شهادة بإطار ذهبي داخلي,Certificate cover with gold inner frame,,O3040-001,O3040-001,أسود / Black,بدون عنوان مستقل - الاسم وصفي
1,66,أغلفة شهادات / Certificate covers,غلاف شهادة بإطار ذهبي داخلي,Certificate cover with gold inner frame,,O3040-002,O3040-002,عنابي / Maroon,بدون عنوان مستقل - الاسم وصفي
1,66,أغلفة شهادات / Certificate covers,غلاف شهادة بإطار ذهبي داخلي,Certificate cover with gold inner frame,,O3040-003,O3040-003,كحلي / Navy,بدون عنوان مستقل - الاسم وصفي
1,66,أغلفة شهادات / Certificate covers,غلاف شهادة بإطار ذهبي داخلي,Certificate cover with gold inner frame,,O3040-004,O3040-004,أخضر / Green,بدون عنوان مستقل - الاسم وصفي
1,67,أغلفة شهادات / Certificate covers,غلاف شهادة جلد سادة (مخمل),Plain velvet-finish certificate cover,طباعة: بصمة حرارية - سلك سكرين,O3107-009,O3107-009,أحمر / Red,
1,67,أغلفة شهادات / Certificate covers,غلاف شهادة جلد سادة (مخمل),Plain velvet-finish certificate cover,طباعة: بصمة حرارية - سلك سكرين,O3107-010,O3107-010,كحلي / Navy,
1,67,أغلفة شهادات / Certificate covers,غلاف شهادة جلد سادة (مخمل),Plain velvet-finish certificate cover,طباعة: بصمة حرارية - سلك سكرين,O3107-011,O3107-011,أخضر / Green,
1,67,أغلفة شهادات / Certificate covers,غلاف شهادة جلد سادة (مخمل),Plain velvet-finish certificate cover,طباعة: بصمة حرارية - سلك سكرين,O3107-012,O3107-012,أسود / Black,
1,67,أغلفة شهادات / Certificate covers,غلاف شهادة مبطن سادة,Padded plain certificate cover,طباعة: بصمة حرارية - سلك سكرين - UV,O3120-005,O3120-005,أحمر / Red,
1,67,أغلفة شهادات / Certificate covers,غلاف شهادة مبطن سادة,Padded plain certificate cover,طباعة: بصمة حرارية - سلك سكرين - UV,O3120-006,O3120-006,كحلي / Navy,
1,67,أغلفة شهادات / Certificate covers,غلاف شهادة مبطن سادة,Padded plain certificate cover,طباعة: بصمة حرارية - سلك سكرين - UV,O3120-007,O3120-007,أخضر / Green,
1,67,أغلفة شهادات / Certificate covers,غلاف شهادة مبطن سادة,Padded plain certificate cover,طباعة: بصمة حرارية - سلك سكرين - UV,O3120-008,O3120-008,أسود / Black,
1,68,مستلزمات طباعة / Printing supplies,شيت سبلميشن المنيوم,Aluminium sublimation sheet,مقاس 60x30 cm - تستخدم للوحات أبواب المنازل والمكاتب - طباعة سلك سكرين / سبلميشن | لماع 0.60 mm,O19020-001,O19020-001,ذهبي / Gold,
1,68,مستلزمات طباعة / Printing supplies,شيت سبلميشن المنيوم,Aluminium sublimation sheet,مقاس 60x30 cm - تستخدم للوحات أبواب المنازل والمكاتب - طباعة سلك سكرين / سبلميشن | لماع 0.60 mm,O19020-002,O19020-002,فضي / Silver,
1,68,مستلزمات طباعة / Printing supplies,شيت سبلميشن المنيوم,Aluminium sublimation sheet,مقاس 60x30 cm - تستخدم للوحات أبواب المنازل والمكاتب - طباعة سلك سكرين / سبلميشن | أبيض لماع,O19020-003,O19020-003,أبيض / White,
1,68,مستلزمات طباعة / Printing supplies,شيت سبلميشن المنيوم,Aluminium sublimation sheet,مقاس 60x30 cm - تستخدم للوحات أبواب المنازل والمكاتب - طباعة سلك سكرين / سبلميشن | فضي مطفي 0.65 mm,O19020-011,O19020-011,فضي / Silver,
1,68,مستلزمات طباعة / Printing supplies,شيت سبلميشن المنيوم,Aluminium sublimation sheet,مقاس 60x30 cm - تستخدم للوحات أبواب المنازل والمكاتب - طباعة سلك سكرين / سبلميشن | ذهبي مطفي 0.65 mm,O19020-012,O19020-012,ذهبي / Gold,
1,69,هدايا دعائية / Promo items,شمسية أبيض,White umbrella,طباعة: صبليميشن - سلك سكرين - DTF | يد أسود - جراب ومساكة حبل,O19060-001,O19060-001,أبيض / White,
1,69,هدايا دعائية / Promo items,شمسية أبيض,White umbrella,طباعة: صبليميشن - سلك سكرين - DTF | راس مدبب - يد رصاصي,O19060-002,O19060-002,أبيض / White,
1,69,هدايا دعائية / Promo items,شمسية أبيض,White umbrella,طباعة: صبليميشن - سلك سكرين - DTF | راس مربع - يد رصاصي,O19060-003,O19060-003,أبيض / White,
1,70,إكسسوارات / Accessories,سلسلة بكرة ذهبي,Gold chain reel,2 mm - المقاس 50 meter,O19080-051,O19080-051,ذهبي / Gold,
1,70,إكسسوارات / Accessories,سلسلة بكرة فضي,Silver chain reel,2 mm - المقاس 50 meter,O19080-052,O19080-052,فضي / Silver,
1,70,إكسسوارات / Accessories,عجلات دك بلاستيك,Plastic caster wheels,,O19080-001,O19080-001,أسود / Black,
1,70,إكسسوارات / Accessories,عجلات حديد مع مسامير,Metal caster wheels with screws,,O19080-002,O19080-002,أسود / Black,
1,70,إكسسوارات / Accessories,رول باركود حراري,Thermal barcode label roll,المقاس 38x15 mm,O19080-021,O19080-021,أبيض / White,
1,70,إكسسوارات / Accessories,ميدالية فضي (حلقة),Silver key ring,المقاس 1.5 cm,O19080-063,O19080-063,فضي / Silver,
1,70,إكسسوارات / Accessories,ميدالية ذهبي (حلقة),Gold key ring,المقاس 1.5 cm,O19080-064,O19080-064,ذهبي / Gold,
1,70,إكسسوارات / Accessories,زاوية مفصلات حديد,Metal corner bracket,,O19080-031,O19080-031,فضي / Silver,
1,70,إكسسوارات / Accessories,شرشوبة ذهبي لقبعة التخرج,Gold graduation cap tassel,المقاس 20x8 cm,O19080-083,O19080-083,ذهبي / Gold,
1,70,إكسسوارات / Accessories,شرشوبة,Tassel,المقاس 4.5x8 cm,O19080-081,O19080-081,ذهبي / Gold,
1,70,إكسسوارات / Accessories,شرشوبة,Tassel,المقاس 4.5x8 cm,O19080-082,O19080-082,فضي / Silver,
1,71,مستلزمات طباعة / Printing supplies,أحبار صبليميشن للطباعة,Sublimation printing ink,عبوة 100 ml | M,O19090-021,O19090-021,فوشي / Magenta,
1,71,مستلزمات طباعة / Printing supplies,أحبار صبليميشن للطباعة,Sublimation printing ink,عبوة 100 ml | LM,O19090-025,O19090-025,فوشي فاتح / Light magenta,
1,71,مستلزمات طباعة / Printing supplies,أحبار صبليميشن للطباعة,Sublimation printing ink,عبوة 100 ml | Y,O19090-022,O19090-022,أصفر / Yellow,
1,71,مستلزمات طباعة / Printing supplies,أحبار صبليميشن للطباعة,Sublimation printing ink,عبوة 100 ml | C,O19090-024,O19090-024,سيان / Cyan,
1,71,مستلزمات طباعة / Printing supplies,أحبار صبليميشن للطباعة,Sublimation printing ink,عبوة 100 ml | LC,O19090-026,O19090-026,سيان فاتح / Light cyan,
1,71,مستلزمات طباعة / Printing supplies,أحبار صبليميشن للطباعة,Sublimation printing ink,عبوة 100 ml | K,O19090-023,O19090-023,أسود / Black,
1,71,مستلزمات طباعة / Printing supplies,أحبار طباعة ليزر A3,A3 laser toner,,O19090-070,O19090-070,أسود / Black,
1,71,مستلزمات طباعة / Printing supplies,أحبار طباعة ليزر A3,A3 laser toner,,O19090-071,O19090-071,سيان / Cyan,
1,71,مستلزمات طباعة / Printing supplies,أحبار طباعة ليزر A3,A3 laser toner,,O19090-072,O19090-072,فوشي / Magenta,
1,71,مستلزمات طباعة / Printing supplies,أحبار طباعة ليزر A3,A3 laser toner,,O19090-073,O19090-073,أصفر / Yellow,
1,71,مستلزمات طباعة / Printing supplies,أحبار DTF للماكينة,DTF machine ink,عبوة 1 Liter,O19090-001,O19090-001,أبيض / White,
1,71,مستلزمات طباعة / Printing supplies,أحبار DTF للماكينة,DTF machine ink,عبوة 1 Liter,O19090-002,O19090-002,سيان / Cyan,
1,71,مستلزمات طباعة / Printing supplies,أحبار DTF للماكينة,DTF machine ink,عبوة 1 Liter,O19090-003,O19090-003,فوشي / Magenta,
1,71,مستلزمات طباعة / Printing supplies,أحبار DTF للماكينة,DTF machine ink,عبوة 1 Liter,O19090-004,O19090-004,أصفر / Yellow,
1,71,مستلزمات طباعة / Printing supplies,أحبار DTF للماكينة,DTF machine ink,عبوة 1 Liter,O19090-005,O19090-005,أسود / Black,
1,71,مستلزمات طباعة / Printing supplies,أحبار سلك سكرين كاسة 1 كيلو,Screen printing ink - 1 kg tub,1 كيلو,O19090-050,O19090-050,أبيض / White,
1,71,مستلزمات طباعة / Printing supplies,أحبار سلك سكرين كاسة 1 كيلو,Screen printing ink - 1 kg tub,1 كيلو,O19090-051,O19090-051,أسود / Black,
1,71,مستلزمات طباعة / Printing supplies,أحبار سلك سكرين كاسة 1 كيلو,Screen printing ink - 1 kg tub,1 كيلو,O19090-052,O19090-052,أخضر / Green,
1,71,مستلزمات طباعة / Printing supplies,أحبار سلك سكرين كاسة 1 كيلو,Screen printing ink - 1 kg tub,1 كيلو,O19090-053,O19090-053,أزرق / Blue,
1,71,مستلزمات طباعة / Printing supplies,أحبار سلك سكرين كاسة 1 كيلو,Screen printing ink - 1 kg tub,1 كيلو,O19090-054,O19090-054,أحمر / Red,
1,71,مستلزمات طباعة / Printing supplies,أحبار سلك سكرين كاسة 1 كيلو,Screen printing ink - 1 kg tub,1 كيلو,O19090-055,O19090-055,وردي / Pink,
1,71,مستلزمات طباعة / Printing supplies,أحبار سلك سكرين كاسة 1 كيلو,Screen printing ink - 1 kg tub,1 كيلو,O19090-056,O19090-056,ذهبي / Gold,
1,71,مستلزمات طباعة / Printing supplies,أحبار سلك سكرين بالون,Balloon screen printing ink,,O19090-060,O19090-060,أبيض / White,
1,71,مستلزمات طباعة / Printing supplies,أحبار سلك سكرين بالون,Balloon screen printing ink,,O19090-061,O19090-061,أسود / Black,
1,71,مستلزمات طباعة / Printing supplies,أحبار سلك سكرين بالون,Balloon screen printing ink,,O19090-062,O19090-062,أزرق / Blue,
1,71,مستلزمات طباعة / Printing supplies,أحبار سلك سكرين بالون,Balloon screen printing ink,,O19090-063,O19090-063,أخضر / Green,
1,71,مستلزمات طباعة / Printing supplies,أحبار سلك سكرين بالون,Balloon screen printing ink,,O19090-064,O19090-064,ذهبي / Gold,
1,71,مستلزمات طباعة / Printing supplies,أحبار سلك سكرين بالون,Balloon screen printing ink,,O19090-065,O19090-065,أحمر / Red,
1,71,مستلزمات طباعة / Printing supplies,أحبار سلك سكرين بالون,Balloon screen printing ink,,O19090-066,O19090-066,وردي / Pink,
1,71,مستلزمات طباعة / Printing supplies,أحبار أقمشة ووتر بيز,Water-based textile ink,1 كيلو,O19090-048,O19090-048,أبيض / White,
1,71,مستلزمات طباعة / Printing supplies,مثبت حبر لكاسة سلكسكرين,Screen printing ink fixer,1 جرام (كما هو مطبوع),O19090-080,O19090-080,ذهبي / Gold,اللون = لون العبوة
1,71,مستلزمات طباعة / Printing supplies,أحبار سلك سكرين نايلون,Nylon screen printing ink,,O19090-067,O19090-067,أبيض / White,
1,71,مستلزمات طباعة / Printing supplies,أحبار سلك سكرين نايلون,Nylon screen printing ink,,O19090-068,O19090-068,أسود / Black,
1,71,مستلزمات طباعة / Printing supplies,أحبار سلك سكرين نايلون,Nylon screen printing ink,,O19090-069,O19090-069,أخضر / Green,
1,72,مستلزمات طباعة / Printing supplies,تيب حراري,Heat-resistant tape,Size - 33x0.1 meter,O19009-003,O19009-003,بني / Brown,
1,72,مستلزمات طباعة / Printing supplies,ورق صبليميشن 100 ورقة,Sublimation paper (100 sheets),A4,O19007-0001,O19007-0001,وردي / Pink,الأكواد مطبوعة بأربع خانات بعد الشرطة
1,72,مستلزمات طباعة / Printing supplies,ورق صبليميشن 100 ورقة,Sublimation paper (100 sheets),A3,O19007-0002,O19007-0002,وردي / Pink,الأكواد مطبوعة بأربع خانات بعد الشرطة
1,73,مستلزمات طباعة / Printing supplies,رول طباعة لطابعة DTF,DTF printer film roll,مقاس 100x0.60 meter - جودة عالية | لماع,O19092-011,O19092-011,أبيض / White,
1,73,مستلزمات طباعة / Printing supplies,رول طباعة لطابعة DTF,DTF printer film roll,مقاس 100x0.60 meter - جودة عالية | مطفي,O19092-012,O19092-012,أبيض / White,
1,73,مستلزمات طباعة / Printing supplies,كيس بودرة لطباعة DTF,DTF adhesive powder bag,الوزن 1 KG,O19092-001,O19092-001,أبيض / White,
1,73,مستلزمات طباعة / Printing supplies,كيس بودرة لطباعة DTF,DTF adhesive powder bag,الوزن 1 KG,O19092-003,O19092-003,أسود / Black,
1,74,براويز / Frames,أطقم براويز خشبية 3 قطع A4,Wooden portrait frame set (3 pcs) A4,3 قطع - A4,O3412-009,O3412-009,أسود / ذهبي / Black / Gold,لون البرواز وصفي من الصورة
1,74,براويز / Frames,أطقم براويز خشبية 3 قطع A4,Wooden portrait frame set (3 pcs) A4,3 قطع - A4,O3412-010,O3412-010,بني / Brown,لون البرواز وصفي من الصورة
1,74,براويز / Frames,أطقم براويز خشبية 3 قطع A4,Wooden portrait frame set (3 pcs) A4,3 قطع - A4,O3412-011,O3412-011,أسود / فضي / Black / Silver,لون البرواز وصفي من الصورة
1,74,براويز / Frames,أطقم براويز خشبية 3 قطع A4,Wooden portrait frame set (3 pcs) A4,3 قطع - A4,O3412-012,O3412-012,ذهبي / Gold,لون البرواز وصفي من الصورة
1,75,براويز / Frames,أطقم براويز خشبية 3 قطع A4,Wooden portrait frame set (3 pcs) A4,3 قطع - A4,O3412-013,O3412-013,ذهبي / Gold,لون البرواز وصفي من الصورة
1,75,براويز / Frames,أطقم براويز خشبية 3 قطع A4,Wooden portrait frame set (3 pcs) A4,3 قطع - A4,O3412-014,O3412-014,بني / ذهبي / Brown / Gold,لون البرواز وصفي من الصورة
1,75,براويز / Frames,أطقم براويز خشبية 3 قطع 50x70,Wooden portrait frame set (3 pcs) 50x70 cm,3 قطع - Size: 50 x 70 cm,O3411-001,O3411-001,ذهبي / Gold,لون البرواز وصفي من الصورة
1,75,براويز / Frames,أطقم براويز خشبية 3 قطع 50x70,Wooden portrait frame set (3 pcs) 50x70 cm,3 قطع - Size: 50 x 70 cm,O3411-002,O3411-002,برونزي / Bronze,لون البرواز وصفي من الصورة
1,76,براويز / Frames,أطقم براويز خشبية 3 قطع 50x70,Wooden portrait frame set (3 pcs) 50x70 cm,3 قطع - Size: 50 x 70 cm,O3411-003,O3411-003,فضي / ذهبي / Silver / Gold,لون البرواز وصفي من الصورة
1,76,براويز / Frames,أطقم براويز خشبية 3 قطع 50x70,Wooden portrait frame set (3 pcs) 50x70 cm,3 قطع - Size: 50 x 70 cm,O3411-004,O3411-004,بني / ذهبي / Brown / Gold,لون البرواز وصفي من الصورة
1,76,براويز / Frames,أطقم براويز خشبية 3 قطع 50x70,Wooden portrait frame set (3 pcs) 50x70 cm,3 قطع - Size: 50 x 70 cm,O3411-005,O3411-005,أسود / ذهبي / Black / Gold,لون البرواز وصفي من الصورة
1,76,براويز / Frames,أطقم براويز خشبية 3 قطع 50x70,Wooden portrait frame set (3 pcs) 50x70 cm,3 قطع - Size: 50 x 70 cm,O3411-009,O3411-009,برونزي / Bronze,لون البرواز وصفي من الصورة
1,77,براويز / Frames,أطقم براويز خشبية 3 قطع 45x65,Wooden portrait frame set (3 pcs) 45x65 cm,3 قطع - Size: 45 x 65 cm,O3411-010,O3411-010,ذهبي / Gold,لون البرواز وصفي من الصورة
1,77,براويز / Frames,أطقم براويز خشبية 3 قطع 45x65,Wooden portrait frame set (3 pcs) 45x65 cm,3 قطع - Size: 45 x 65 cm,O3411-012,O3411-012,برونزي / Bronze,لون البرواز وصفي من الصورة
1,77,براويز / Frames,أطقم براويز خشبية 3 قطع 45x65,Wooden portrait frame set (3 pcs) 45x65 cm,3 قطع - Size: 45 x 65 cm,O3411-013,O3411-013,بني / Brown,لون البرواز وصفي من الصورة
1,77,براويز / Frames,أطقم براويز خشبية 3 قطع 45x65,Wooden portrait frame set (3 pcs) 45x65 cm,3 قطع - Size: 45 x 65 cm,O3411-014,O3411-014,أسود / فضي / Black / Silver,لون البرواز وصفي من الصورة
1,78,براويز / Frames,أطقم براويز خشبية 3 قطع 45x65,Wooden portrait frame set (3 pcs) 45x65 cm,3 قطع - Size: 45 x 65 cm,O3411-015,O3411-015,ذهبي / Gold,
1,78,براويز / Frames,طقم براوز صور ثلاثي إطار ذهبي (فاخر),Premium triple portrait frame - gold,,O3411-016,O3411-016,ذهبي / Gold,
1,79,براويز / Frames,برواز خشبي A3,Wooden frame A3,A3,O3212-005,O3212-005,بني / Brown,
1,79,براويز / Frames,برواز خشبي A3,Wooden frame A3,A3,O3212-006,O3212-006,ذهبي / Gold,
1,80,أعلام وساريات / Flags & poles,سارية أعلام متحركة - قاعدة ملكي,Movable flag pole - royal base,مقاس 2.5 متر فاخرة - قفل معدني - سماكة 2 إنش - قاعدة 45 سم,O19072-005,O19072-005,ذهبي / Gold,نقطة لون ثالثة بدون كود مطبوع
1,80,أعلام وساريات / Flags & poles,سارية أعلام متحركة - قاعدة ملكي,Movable flag pole - royal base,مقاس 2.5 متر فاخرة - قفل معدني - سماكة 2 إنش - قاعدة 45 سم,O19072-006,O19072-006,فضي / Silver,نقطة لون ثالثة بدون كود مطبوع
1,80,أعلام وساريات / Flags & poles,سارية أعلام متحركة ذهبي - قاعدة ملكي فاخرة,Premium movable flag pole - royal base,2.5 متر - قاعدة 45 سم,O19072-038,O19072-038,ذهبي / Gold,نقطة لون ثالثة بدون كود مطبوع
1,80,أعلام وساريات / Flags & poles,سارية أعلام متحركة ذهبي - قاعدة ملكي فاخرة,Premium movable flag pole - royal base,2.5 متر - قاعدة 45 سم,O19072-037,O19072-037,فضي / Silver,نقطة لون ثالثة بدون كود مطبوع
1,80,أعلام وساريات / Flags & poles,سارية علم متحركة مع قفل معدن,Movable flag pole with metal lock,2.5 متر - قاعدة 35 سم,O19072-045,O19072-045,ذهبي / Gold,نقطة لون ثالثة بدون كود مطبوع
1,80,أعلام وساريات / Flags & poles,سارية علم متحركة مع قفل معدن,Movable flag pole with metal lock,2.5 متر - قاعدة 35 سم,O19072-044,O19072-044,فضي / Silver,نقطة لون ثالثة بدون كود مطبوع
1,80,أعلام وساريات / Flags & poles,طقم ستاند أعلام فاخرة,Premium flag stand set,2.5 متر - قاعدة 47 سم,O3573-022,O3573-022,ذهبي / Gold,نقطة لون ثالثة بدون كود مطبوع
1,80,أعلام وساريات / Flags & poles,طقم ستاند أعلام فاخرة,Premium flag stand set,2.5 متر - قاعدة 47 سم,O3573-023,O3573-023,فضي / Silver,نقطة لون ثالثة بدون كود مطبوع
1,81,أعلام وساريات / Flags & poles,سارية علم متحركة,Movable flag pole,2.8 متر - قاعدة 35 سم,O19072-049,O19072-049,ذهبي / Gold,
1,81,أعلام وساريات / Flags & poles,سارية علم متحركة,Movable flag pole,2.8 متر - قاعدة 35 سم,O19072-052,O19072-052,فضي / Silver,
1,81,أعلام وساريات / Flags & poles,ستاند علم فاخر,Premium flag stand,240 cm - قاعدة 30 سم,O3573-008,O3573-008,ذهبي / Gold,
1,81,أعلام وساريات / Flags & poles,ستاند علم فاخر,Premium flag stand,240 cm - قاعدة 30 سم,O3573-010,O3573-010,فضي / Silver,
1,81,أعلام وساريات / Flags & poles,سارية علم مكتب - قاعدة كريستال,Desk flag pole - crystal base,49.5 cm - سارية بدون قماش,O3573-061,O3573-061,ذهبي / Gold,
1,81,أعلام وساريات / Flags & poles,سارية علم مكتب - قاعدة كريستال,Desk flag pole - crystal base,49.5 cm - سارية بدون قماش,O3573-060,O3573-060,فضي / Silver,
1,82,أعلام وساريات / Flags & poles,سارية علم متحركة مع قفل معدن (رأس كروي),Movable flag pole with metal lock - ball top,2.8 متر,O19072-051,O19072-051,ذهبي / Gold,
1,82,أعلام وساريات / Flags & poles,سارية علم متحركة مع قفل معدن (رأس كروي),Movable flag pole with metal lock - ball top,2.8 متر,O19072-050,O19072-050,فضي / Silver,
1,82,أعلام وساريات / Flags & poles,سارية علم متحركة مع قفل معدن (رأس مدبب),Movable flag pole with metal lock - spear top,2.8 متر - قاعدة 35 cm,O19072-082,O19072-082,ذهبي / Gold,
1,82,أعلام وساريات / Flags & poles,سارية علم متحركة مع قفل معدن (رأس مدبب),Movable flag pole with metal lock - spear top,2.8 متر - قاعدة 35 cm,O19072-081,O19072-081,فضي / Silver,
1,82,أعلام وساريات / Flags & poles,قاعدة شراع بدون قماش,Sail flag base (without fabric),340 cm - قاعدة 45 سم,O19072-048,O19072-048,أسود / Black,
1,82,أعلام وساريات / Flags & poles,قاعدة شراع بدون قماش,Sail flag base (without fabric),400 cm - قاعدة 46 cm,O19072-041,O19072-041,أسود / Black,
1,83,أعلام وساريات / Flags & poles,سارية علم متحركة (مكتب),Movable desk flag pole,26 x 8 cm - قاعدة 8 سم,O3573-065,O3573-065,ذهبي / Gold,
1,83,أعلام وساريات / Flags & poles,سارية علم متحركة (مكتب),Movable desk flag pole,26 x 8 cm - قاعدة 8 سم,O3573-066,O3573-066,فضي / Silver,
1,83,أعلام وساريات / Flags & poles,سارية علم مكتب,Desk flag pole,40 x 8 cm - قاعدة 8 سم,O3573-046,O3573-046,ذهبي / Gold,
1,83,أعلام وساريات / Flags & poles,سارية علم مكتب,Desk flag pole,40 x 8 cm - قاعدة 8 سم,O3573-047,O3573-047,فضي / Silver,
1,83,أعلام وساريات / Flags & poles,سارية علم مكتب,Desk flag pole,37 x 8 cm - قاعدة 8 سم,O3573-067,O3573-067,ذهبي / Gold,
1,83,أعلام وساريات / Flags & poles,سارية علم مكتب,Desk flag pole,37 x 8 cm - قاعدة 8 سم,O3573-068,O3573-068,فضي / Silver,
1,83,أعلام وساريات / Flags & poles,سارية علم مكتب أسود,Black desk flag pole,قاعدة 8 سم | 26 x 9 cm,O3573-074,O3573-074,أسود / Black,
1,83,أعلام وساريات / Flags & poles,سارية علم مكتب أسود,Black desk flag pole,قاعدة 8 سم | 37 x 9 cm,O3573-072,O3573-072,أسود / Black,
1,84,أعلام وساريات / Flags & poles,سارية علم مكتب معدن,Metal desk flag pole,37 X 8 cm - قاعدة 8 سم - وزن القاعدة 0.21 kg,O3573-084,O3573-084,ذهبي / Gold,
1,84,أعلام وساريات / Flags & poles,سارية علم مكتب معدن,Metal desk flag pole,37 X 8 cm - قاعدة 8 سم - وزن القاعدة 0.21 kg,O3573-083,O3573-083,فضي / Silver,
1,84,أعلام وساريات / Flags & poles,سارية علم مكتب أخضر (معدن),Green metal desk flag pole,قاعدة 9 سم | 42 x 9 cm,O3573-078,O3573-078,أخضر / Green,
1,84,أعلام وساريات / Flags & poles,سارية علم مكتب أخضر (معدن),Green metal desk flag pole,قاعدة 9 سم | 37 x 8 cm,O3573-079,O3573-079,أخضر / Green,
1,84,أعلام وساريات / Flags & poles,سارية علم مكتب أخضر (معدن),Green metal desk flag pole,قاعدة 9 سم | 26 x 8 cm,O3573-080,O3573-080,أخضر / Green,
1,84,أعلام وساريات / Flags & poles,ستاند ترحيب,Queue / welcome stanchion,100 X 32 cm - الوزن 5.6 كيلو - قاعدة 32.4 CM,O19071-041,O19071-041,ذهبي / Gold,
1,84,أعلام وساريات / Flags & poles,ستاند ترحيب,Queue / welcome stanchion,100 X 32 cm - الوزن 5.6 كيلو - قاعدة 32.4 CM,O19071-042,O19071-042,فضي / Silver,
1,85,أعلام وساريات / Flags & poles,سارية علم مكتب ثلاثية,Triple desk flag pole,42 cm - قاعدة 8.5 سم,O3573-075,O3573-075,فضي / Silver,
1,85,أعلام وساريات / Flags & poles,سارية علم مكتب ثلاثية,Triple desk flag pole,42 cm - قاعدة 8.5 سم,O3573-076,O3573-076,ذهبي / Gold,
1,85,أعلام وساريات / Flags & poles,سارية علم مكتب ثلاثية,Triple desk flag pole,42 cm - قاعدة 8.5 سم,O3573-077,O3573-077,أسود / Black,
1,85,أعلام وساريات / Flags & poles,سارية علم مكتب ثنائية,Double desk flag pole,42 cm - قاعدة 9 سم,O19072-033,O19072-033,ذهبي / Gold,
1,85,أعلام وساريات / Flags & poles,سارية علم مكتب ثنائية,Double desk flag pole,42 cm - قاعدة 9 سم,O19072-032,O19072-032,فضي / Silver,
1,85,أعلام وساريات / Flags & poles,علم مكتب بهدب (بدون سارية),Desk flag with fringe (without pole),المقاس 24X16 CM - يقبل طباعة وجهين | هدب ذهبي,O3573-069,O3573-069,أخضر / Green,
1,85,أعلام وساريات / Flags & poles,علم مكتب بهدب (بدون سارية),Desk flag with fringe (without pole),المقاس 24X16 CM - يقبل طباعة وجهين | هدب فضي,O3573-070,O3573-070,أخضر / Green,
1,85,أعلام وساريات / Flags & poles,علم مكتب بهدب (بدون سارية),Desk flag with fringe (without pole),المقاس 24X16 CM - يقبل طباعة وجهين | هدب أخضر,O3573-071,O3573-071,أخضر / Green,
1,86,أعلام وساريات / Flags & poles,سارية علم مكتب (بدون قماش),Desk banner flag stand (without fabric),مقاس 15 X 33 cm - قاعدة 8.5 CM - قاعدة حديد وزن 176.7 جرام,O19072-085,O19072-085,فضي / Silver,زوجان متشابهان بالشكل: 085/086 و087/088
1,86,أعلام وساريات / Flags & poles,سارية علم مكتب (بدون قماش),Desk banner flag stand (without fabric),مقاس 15 X 33 cm - قاعدة 8.5 CM - قاعدة حديد وزن 176.7 جرام,O19072-086,O19072-086,ذهبي / Gold,زوجان متشابهان بالشكل: 085/086 و087/088
1,86,أعلام وساريات / Flags & poles,سارية علم مكتب (بدون قماش),Desk banner flag stand (without fabric),مقاس 15 X 33 cm - قاعدة 8.5 CM - قاعدة حديد وزن 176.7 جرام,O19072-087,O19072-087,فضي / Silver,زوجان متشابهان بالشكل: 085/086 و087/088
1,86,أعلام وساريات / Flags & poles,سارية علم مكتب (بدون قماش),Desk banner flag stand (without fabric),مقاس 15 X 33 cm - قاعدة 8.5 CM - قاعدة حديد وزن 176.7 جرام,O19072-088,O19072-088,ذهبي / Gold,زوجان متشابهان بالشكل: 085/086 و087/088
1,87,أعلام وساريات / Flags & poles,سارية علم سيارة,Car flag pole,100 CM - قاعدة 8.5 CM - تتحكم بالاتجاهات | وزن 0.14 كيلو,O19072-091,O19072-091,ذهبي / Gold,
1,87,أعلام وساريات / Flags & poles,سارية علم سيارة,Car flag pole,100 CM - قاعدة 8.5 CM - تتحكم بالاتجاهات | وزن 0.14 كيلو,O19072-092,O19072-092,فضي / Silver,
1,87,أعلام وساريات / Flags & poles,سارية علم سيارة,Car flag pole,100 CM - قاعدة 8.5 CM - تتحكم بالاتجاهات | قاعدة مغناطيس - وزن 0.28 كيلو,O19072-093,O19072-093,ذهبي / Gold,
1,87,أعلام وساريات / Flags & poles,سارية علم سيارة,Car flag pole,100 CM - قاعدة 8.5 CM - تتحكم بالاتجاهات | قاعدة مغناطيس - وزن 0.28 كيلو,O19072-094,O19072-094,فضي / Silver,
1,88,أعلام وساريات / Flags & poles,سارية علم متحركة - قاعدة كريستال,Movable Y flag pole - crystal base,مقاس 50 CM - تحكم بالمقاس | قاعدة 8 cm,O19072-060,O19072-060,فضي / Silver,
1,88,أعلام وساريات / Flags & poles,سارية علم متحركة - قاعدة كريستال,Movable Y flag pole - crystal base,مقاس 50 CM - تحكم بالمقاس | قاعدة 5 cm,O19072-061,O19072-061,ذهبي / Gold,
1,88,أعلام وساريات / Flags & poles,سارية مكتب ريشة,Desk feather flag pole,40 CM | قاعدة سوداء 5.5 CM - الوزن 170 جرام,O19072-090,O19072-090,أسود / Black,
1,88,أعلام وساريات / Flags & poles,سارية مكتب ريشة,Desk feather flag pole,40 CM | قاعدة فضي 5 CM - الوزن 90 جرام,O19072-089,O19072-089,فضي / Silver,
1,89,ستاندات عرض / Display stands,استاند Back Drop مع شنطة,Backdrop stand with bag,300 X 240 cm,O19071-003,O19071-003,أسود / Black,
1,89,ستاندات عرض / Display stands,استاند Back Drop مع شنطة,Backdrop stand with bag,360 X 240 cm,O19071-004,O19071-004,أسود / Black,
1,89,ستاندات عرض / Display stands,بوب اب اكرديون المنيوم,Aluminium accordion pop-up display,مع 2 كشاف مضيء - مع شنطة | 3x3 meter,O3573-055,O3573-055,أخضر / Green,اللون من صورة العرض
1,89,ستاندات عرض / Display stands,بوب اب اكرديون المنيوم,Aluminium accordion pop-up display,مع 2 كشاف مضيء - مع شنطة | 4x3 meter,O3573-056,O3573-056,أخضر / Green,اللون من صورة العرض
1,89,ستاندات عرض / Display stands,استاند Promoter مع شنطة,Promoter counter stand with bag,80x80x40 cm - وزن الطاولة 28.5 كيلو,O19071-005,O19071-005,أبيض / White,
1,89,ستاندات عرض / Display stands,استاند Promoter مع شنطة (بيضاوي),Oval promoter counter with bag,90x45 cm - وزن الطاولة 10 كيلو,O19071-006,O19071-006,فضي / Silver,
1,90,أعلام وساريات / Flags & poles,سارية أعلام 3 متر - قاعدة 30 سم,3 m banner flag pole - 30 cm base,70 x 300 cm - Base 1.05Kg - يقبل طباعة صبليميشن,?,O?-p090-1-1,أسود / Black,لا يوجد كود مطبوع
1,90,أعلام وساريات / Flags & poles,سارية أعلام - قاعدة حديد مع شنطة,Banner flag pole - metal cross base with bag,340 X 70 cm - الوزن 2.7 kg,?,O?-p090-2-1,أسود / Black,لا يوجد كود مطبوع
1,90,أعلام وساريات / Flags & poles,سارية أعلام ريشة مع شنطة,Feather flag pole with bag,200/150 cm - 270/200 cm - 400/350 cm,?,O?-p090-3-1,أسود / Black,لا يوجد كود مطبوع
1,90,أعلام وساريات / Flags & poles,سارية علم حقيبة ظهر,Backpack flag,مع حقيبة,O19074-001,O19074-001,أسود / Black,
1,91,أعلام وساريات / Flags & poles,ستاند سارية علم حرف L بدون قماش,L-shaped banner flag stand (without fabric),قاعدة 50 x 52 x 90 cm - بالامكان التعبئة بالماء او بالرمل | ارتفاع 5 متر,O19072-001,O19072-001,أسود / Black,
1,91,أعلام وساريات / Flags & poles,ستاند سارية علم حرف L بدون قماش,L-shaped banner flag stand (without fabric),قاعدة 50 x 52 x 90 cm - بالامكان التعبئة بالماء او بالرمل | ارتفاع 3.5 متر,O19072-002,O19072-002,أسود / Black,
1,92,أعلام وساريات / Flags & poles,ستاند اعلاني بدون قماش,Arch advertising stand (without fabric),250 cm - قاعدة دائرية ستيل 35 cm,O3574-120,O3574-120,فضي / Silver,
1,92,أعلام وساريات / Flags & poles,ستاند اعلاني بدون قماش,Arch advertising stand (without fabric),250 cm - قاعدة دائرية ستيل 35 cm,O3574-121,O3574-121,ذهبي / Gold,
1,92,أعلام وساريات / Flags & poles,ستاند علم دمعة إعلاني,Teardrop advertising flag stand,300cm (علم 250 cm),O3574-112,O3574-112,أسود / Black,
1,92,أعلام وساريات / Flags & poles,ستاند علم دمعة إعلاني,Teardrop advertising flag stand,350 cm (علم 300 cm),O3574-113,O3574-113,أسود / Black,
1,92,أعلام وساريات / Flags & poles,قاعدة شراع بدون قماش,Sail flag pole with base (without fabric),المقاس 3.4 متر - قاعدة 45 سم - Base 1.45 Kg,O19072-048,O19072-048,أسود / Black,
1,92,أعلام وساريات / Flags & poles,سارية علم إعلاني بدون قماش,Advertising flag pole (without fabric),قاعدة ماء | 2 متر,O3574-002,O3574-002,أسود / Black,
1,92,أعلام وساريات / Flags & poles,سارية علم إعلاني بدون قماش,Advertising flag pole (without fabric),قاعدة ماء | 3 متر,O19074-035,O19074-035,أسود / Black,
1,92,أعلام وساريات / Flags & poles,سارية علم إعلاني بدون قماش,Advertising flag pole (without fabric),قاعدة ماء | 4 متر,O3574-001,O3574-001,أسود / Black,
1,93,ستاندات عرض / Display stands,ستاند رول اب بدون رول - المنيوم,Aluminium roll-up stand (without print),مع شنطة | 200 x 85 CM,O19070-004,O19070-004,فضي / Silver,
1,93,ستاندات عرض / Display stands,ستاند رول اب بدون رول - المنيوم,Aluminium roll-up stand (without print),مع شنطة | 200 x 100 CM,O19070-003,O19070-003,فضي / Silver,
1,93,أعلام وساريات / Flags & poles,سارية علم إعلاني بدون قماش - 5 متر,5 m advertising flag pole (without fabric),المقاس 5 متر,O3574-022,O3574-022,رمادي / Gray,
1,94,ستاندات عرض / Display stands,ستاند إكس,X-banner stand,180 X 80 cm - 0.88 Kg,O19074-018,O19074-018,أسود / Black,
1,94,ستاندات عرض / Display stands,ستاند إكس,X-banner stand,160 X 60 cm - 0.78 Kg,O19074-019,O19074-019,أسود / Black,
1,94,ستاندات عرض / Display stands,ستاند إكس,X-banner stand,180 X 80 cm - 1.2 Kg,O19074-020,O19074-020,أسود / Black,
1,94,ستاندات عرض / Display stands,ستاند إكس,X-banner stand,160 X 60 cm - 1 Kg,O19074-021,O19074-021,أسود / Black,
1,95,أعلام وساريات / Flags & poles,علم المملكة عملاق,Giant Saudi flag,طباعة وجهين - مقاوم للشمس | 200x140 cm,O3585-001,O3585-001,أخضر / Green,عمودان بنفس المقاسات (001-003 و004-006)؛ الفرق غير موضح صراحة (مكتوب: طبقة واحدة / طباعة وجهين)
1,95,أعلام وساريات / Flags & poles,علم المملكة عملاق,Giant Saudi flag,طباعة وجهين - مقاوم للشمس | 250x167 cm,O3585-002,O3585-002,أخضر / Green,عمودان بنفس المقاسات (001-003 و004-006)؛ الفرق غير موضح صراحة (مكتوب: طبقة واحدة / طباعة وجهين)
1,95,أعلام وساريات / Flags & poles,علم المملكة عملاق,Giant Saudi flag,طباعة وجهين - مقاوم للشمس | 300x140 cm,O3585-003,O3585-003,أخضر / Green,عمودان بنفس المقاسات (001-003 و004-006)؛ الفرق غير موضح صراحة (مكتوب: طبقة واحدة / طباعة وجهين)
1,95,أعلام وساريات / Flags & poles,علم المملكة عملاق,Giant Saudi flag,طباعة وجهين - مقاوم للشمس | 200x140 cm,O3585-004,O3585-004,أخضر / Green,عمودان بنفس المقاسات (001-003 و004-006)؛ الفرق غير موضح صراحة (مكتوب: طبقة واحدة / طباعة وجهين)
1,95,أعلام وساريات / Flags & poles,علم المملكة عملاق,Giant Saudi flag,طباعة وجهين - مقاوم للشمس | 250x167 cm,O3585-005,O3585-005,أخضر / Green,عمودان بنفس المقاسات (001-003 و004-006)؛ الفرق غير موضح صراحة (مكتوب: طبقة واحدة / طباعة وجهين)
1,95,أعلام وساريات / Flags & poles,علم المملكة عملاق,Giant Saudi flag,طباعة وجهين - مقاوم للشمس | 300x140 cm,O3585-006,O3585-006,أخضر / Green,عمودان بنفس المقاسات (001-003 و004-006)؛ الفرق غير موضح صراحة (مكتوب: طبقة واحدة / طباعة وجهين)
1,95,أعلام وساريات / Flags & poles,علم المملكة مع عصا خشب,Saudi flag with wooden stick,24 X 16 cm,O3575-024,O3575-024,أخضر / Green,
1,95,أعلام وساريات / Flags & poles,علم المملكة مع عصا خشب,Saudi flag with wooden stick,30 X 20 cm,O3575-025,O3575-025,أخضر / Green,
1,95,أعلام وساريات / Flags & poles,علم المملكة مع عصا خشب,Saudi flag with wooden stick,40 X 30 cm,O3575-026,O3575-026,أخضر / Green,
1,95,أعلام وساريات / Flags & poles,علم المملكة مع عصا خشب,Saudi flag with wooden stick,60 X 40 cm,O3575-027,O3575-027,أخضر / Green,
1,95,أعلام وساريات / Flags & poles,علم المملكة مع عصا خشب,Saudi flag with wooden stick,90 X 60 cm,O3575-028,O3575-028,أخضر / Green,
1,95,أعلام وساريات / Flags & poles,علم المملكة مع عصا خشب,Saudi flag with wooden stick,120 X 80 cm,O3575-029,O3575-029,أخضر / Green,
1,95,أعلام وساريات / Flags & poles,علم المملكة مع عصا خشب,Saudi flag with wooden stick,150 X 100 cm,O3575-030,O3575-030,أخضر / Green,
1,95,أعلام وساريات / Flags & poles,علم المملكة مع عصا خشب,Saudi flag with wooden stick,180 X 120 cm,O3575-031,O3575-031,أخضر / Green,
1,96,أعلام وساريات / Flags & poles,علم المملكة مطرز فاخر - تطريز فضي,Luxury embroidered Saudi flag - silver embroidery,مطرز وجهين - هدب فضي - دك + حلقات - مع علبة فاخرة | 150 x 100 cm,O3573-018,O3573-018,فضي / Silver,
1,96,أعلام وساريات / Flags & poles,علم المملكة مطرز فاخر - تطريز فضي,Luxury embroidered Saudi flag - silver embroidery,مطرز وجهين - هدب فضي - دك + حلقات - مع علبة فاخرة | 180 x 120 cm,O3573-019,O3573-019,فضي / Silver,
1,96,أعلام وساريات / Flags & poles,علم المملكة مطرز فاخر - تطريز ذهبي,Luxury embroidered Saudi flag - gold embroidery,مطرز وجهين - هدب ذهبي - دك + حلقات - مع علبة فاخرة | 150 x100 cm,O3573-016,O3573-016,ذهبي / Gold,
1,96,أعلام وساريات / Flags & poles,علم المملكة مطرز فاخر - تطريز ذهبي,Luxury embroidered Saudi flag - gold embroidery,مطرز وجهين - هدب ذهبي - دك + حلقات - مع علبة فاخرة | 180 x 120 cm,O3573-017,O3573-017,ذهبي / Gold,
1,96,أعلام وساريات / Flags & poles,هدب علم - رول 50 متر,Flag fringe - 50 m roll,رول 50 متر | هدب علم أبيض,O3573-062,O3573-062,أبيض / White,
1,96,أعلام وساريات / Flags & poles,هدب علم - رول 50 متر,Flag fringe - 50 m roll,رول 50 متر | هدب علم أخضر,O3573-063,O3573-063,أخضر / Green,
1,96,أعلام وساريات / Flags & poles,هدب علم - رول 50 متر,Flag fringe - 50 m roll,رول 50 متر | هدب علم ذهبي,O3573-064,O3573-064,ذهبي / Gold,
1,97,أعلام وساريات / Flags & poles,علم السعودية جبردين,Saudi flag - gabardine,المقاس 150 X 100 cm - طبقتين - طباعة وجهين - مطرز وجهين - دك + حلقات | هدب ذهبي,O3584-036,O3584-036,أخضر / Green,
1,97,أعلام وساريات / Flags & poles,علم السعودية جبردين,Saudi flag - gabardine,المقاس 150 X 100 cm - طبقتين - طباعة وجهين - مطرز وجهين - دك + حلقات | هدب أبيض,O3584-037,O3584-037,أخضر / Green,
1,97,أعلام وساريات / Flags & poles,علم السعودية جبردين,Saudi flag - gabardine,المقاس 150 X 100 cm - طبقتين - طباعة وجهين - مطرز وجهين - دك + حلقات | هدب أخضر,O3584-038,O3584-038,أخضر / Green,
1,98,أعلام وساريات / Flags & poles,علم المملكة مطرز فاخر - جبردين مقوى,Luxury embroidered Saudi flag - reinforced gabardine,مقاس 150x100 cm - مطرز وجهين - دك + حلقات - مع علبة | هدب أخضر,O3584-046,O3584-046,أخضر / Green,خانة كود العلم بالهدب الذهبي فارغة في الكتالوج
1,98,أعلام وساريات / Flags & poles,علم المملكة مطرز فاخر - جبردين مقوى,Luxury embroidered Saudi flag - reinforced gabardine,مقاس 150x100 cm - مطرز وجهين - دك + حلقات - مع علبة | هدب فضي,O3584-047,O3584-047,أخضر / Green,خانة كود العلم بالهدب الذهبي فارغة في الكتالوج
1,98,أعلام وساريات / Flags & poles,علم المملكة مطرز فاخر - جبردين مقوى,Luxury embroidered Saudi flag - reinforced gabardine,مقاس 150x100 cm - مطرز وجهين - دك + حلقات - مع علبة | هدب أبيض,O3584-044,O3584-044,أخضر / Green,خانة كود العلم بالهدب الذهبي فارغة في الكتالوج
1,98,أعلام وساريات / Flags & poles,علم المملكة مطرز فاخر - جبردين مقوى,Luxury embroidered Saudi flag - reinforced gabardine,مقاس 150x100 cm - مطرز وجهين - دك + حلقات - مع علبة | هدب ذهبي,?,O?-p098-1-4,أخضر / Green,خانة كود العلم بالهدب الذهبي فارغة في الكتالوج
1,99,أعلام وساريات / Flags & poles,علم السعودية ساتان مع عصا بلاستيك,Saudi satin flag with plastic stick,16 x 24 cm,O3576-001,O3576-001,أخضر / Green,3576-006/007/008 تكرر مقاسات 001/002/003 دون توضيح الفرق
1,99,أعلام وساريات / Flags & poles,علم السعودية ساتان مع عصا بلاستيك,Saudi satin flag with plastic stick,20 x 30 cm,O3576-002,O3576-002,أخضر / Green,3576-006/007/008 تكرر مقاسات 001/002/003 دون توضيح الفرق
1,99,أعلام وساريات / Flags & poles,علم السعودية ساتان مع عصا بلاستيك,Saudi satin flag with plastic stick,30 x 40 cm,O3576-003,O3576-003,أخضر / Green,3576-006/007/008 تكرر مقاسات 001/002/003 دون توضيح الفرق
1,99,أعلام وساريات / Flags & poles,علم السعودية ساتان مع عصا بلاستيك,Saudi satin flag with plastic stick,40 x 60 cm,O3576-004,O3576-004,أخضر / Green,3576-006/007/008 تكرر مقاسات 001/002/003 دون توضيح الفرق
1,99,أعلام وساريات / Flags & poles,علم السعودية ساتان مع عصا بلاستيك,Saudi satin flag with plastic stick,60 x 90 cm,O3576-005,O3576-005,أخضر / Green,3576-006/007/008 تكرر مقاسات 001/002/003 دون توضيح الفرق
1,99,أعلام وساريات / Flags & poles,علم السعودية ساتان مع عصا بلاستيك,Saudi satin flag with plastic stick,16 x 24 cm,O3576-006,O3576-006,أخضر / Green,3576-006/007/008 تكرر مقاسات 001/002/003 دون توضيح الفرق
1,99,أعلام وساريات / Flags & poles,علم السعودية ساتان مع عصا بلاستيك,Saudi satin flag with plastic stick,20 x 30 cm,O3576-007,O3576-007,أخضر / Green,3576-006/007/008 تكرر مقاسات 001/002/003 دون توضيح الفرق
1,99,أعلام وساريات / Flags & poles,علم السعودية ساتان مع عصا بلاستيك,Saudi satin flag with plastic stick,30 x 40 cm,O3576-008,O3576-008,أخضر / Green,3576-006/007/008 تكرر مقاسات 001/002/003 دون توضيح الفرق
1,100,أعلام وساريات / Flags & poles,غطاء السيارة مطاط - علم السعودية,Stretch car hood cover - Saudi flag,,O3585-030,O3585-030,أخضر / Green,
1,100,أعلام وساريات / Flags & poles,غطاء السيارة مطاط - عبارة المملكة العربية السعودية,"Stretch car hood cover - ""Kingdom of Saudi Arabia""",,O3585-031,O3585-031,أخضر / Green,
1,101,أعلام وساريات / Flags & poles,علم المملكة قماش جبردين مع حلقات - طبقة واحدة,Saudi flag gabardine with rings - single layer,طبقة واحدة طباعة وجهين | 120x80 cm,O3584-010,O3584-010,أخضر / Green,
1,101,أعلام وساريات / Flags & poles,علم المملكة قماش جبردين مع حلقات - طبقة واحدة,Saudi flag gabardine with rings - single layer,طبقة واحدة طباعة وجهين | 100x150 cm,O3584-011,O3584-011,أخضر / Green,
1,101,أعلام وساريات / Flags & poles,علم المملكة قماش جبردين مع حلقات - طبقة واحدة,Saudi flag gabardine with rings - single layer,طبقة واحدة طباعة وجهين | 120x180 cm,O3584-020,O3584-020,أخضر / Green,
1,101,أعلام وساريات / Flags & poles,علم المملكة قماش جبردين مع حلقات - طبقتين,Saudi flag gabardine with rings - double layer,طبقتين طباعة وجهين | 120x80 cm,O3584-005,O3584-005,أخضر / Green,
1,101,أعلام وساريات / Flags & poles,علم المملكة قماش جبردين مع حلقات - طبقتين,Saudi flag gabardine with rings - double layer,طبقتين طباعة وجهين | 100x150 cm,O3584-006,O3584-006,أخضر / Green,
1,101,أعلام وساريات / Flags & poles,علم المملكة قماش جبردين مع حلقات - طبقتين,Saudi flag gabardine with rings - double layer,طبقتين طباعة وجهين | 120x180 cm,O3584-007,O3584-007,أخضر / Green,
1,101,أعلام وساريات / Flags & poles,علم المملكة قماش جبردين,Saudi flag gabardine,طبقة واحدة طباعة وجهين | 120x80 cm,O3584-012,O3584-012,أخضر / Green,
1,101,أعلام وساريات / Flags & poles,علم المملكة قماش جبردين,Saudi flag gabardine,طبقة واحدة طباعة وجهين | 150x100 cm,O3584-013,O3584-013,أخضر / Green,
1,101,أعلام وساريات / Flags & poles,علم المملكة قماش جبردين,Saudi flag gabardine,طبقة واحدة طباعة وجهين | 90x60 cm,O3584-014,O3584-014,أخضر / Green,
1,101,أعلام وساريات / Flags & poles,علم المملكة قماش جبردين,Saudi flag gabardine,طبقة واحدة طباعة وجهين | 60x40 cm,O3584-015,O3584-015,أخضر / Green,
1,102,أعلام وساريات / Flags & poles,عصا خشبية لعلم,Wooden flag stick,30 X 20 cm,O19096-002,O19096-002,خشبي طبيعي / Natural wood,
1,102,أعلام وساريات / Flags & poles,عصا خشبية لعلم,Wooden flag stick,60 X 40 cm,O19096-004,O19096-004,خشبي طبيعي / Natural wood,
1,102,أعلام وساريات / Flags & poles,عصا خشبية لعلم,Wooden flag stick,90 X 60 cm,O19096-005,O19096-005,خشبي طبيعي / Natural wood,
1,102,أعلام وساريات / Flags & poles,عصا خشبية لعلم,Wooden flag stick,120 X 80 cm,O19096-006,O19096-006,خشبي طبيعي / Natural wood,
1,102,أعلام وساريات / Flags & poles,عصا خشبية لعلم,Wooden flag stick,180 X 120 cm,O19096-008,O19096-008,خشبي طبيعي / Natural wood,
1,102,أعلام وساريات / Flags & poles,عصا بلاستيك لعلم,Plastic flag stick,24 X 16 cm,O19096-021,O19096-021,أبيض / White,
1,102,أعلام وساريات / Flags & poles,عصا بلاستيك لعلم,Plastic flag stick,30 X 20 cm,O19096-022,O19096-022,أبيض / White,
1,102,أعلام وساريات / Flags & poles,عصا بلاستيك لعلم,Plastic flag stick,60 X 40 cm,O19096-024,O19096-024,أبيض / White,
1,102,أعلام وساريات / Flags & poles,عصا بلاستيك لعلم,Plastic flag stick,90 X 60 cm,O19096-025,O19096-025,أبيض / White,
1,103,ستاندات عرض / Display stands,حبل حاجز مع قفل ذهبي,Stanchion rope with gold hooks,مقاس 150 cm,O19071-051,O19071-051,أصفر / Yellow,
1,103,ستاندات عرض / Display stands,حبل حاجز مع قفل ذهبي,Stanchion rope with gold hooks,مقاس 150 cm,O19071-053,O19071-053,أحمر / Red,
1,103,ستاندات عرض / Display stands,حبل حاجز مع قفل ذهبي,Stanchion rope with gold hooks,مقاس 150 cm,O19071-054,O19071-054,أخضر / Green,
1,103,ستاندات عرض / Display stands,حبل حاجز مع قفل ذهبي,Stanchion rope with gold hooks,مقاس 150 cm,O19071-052,O19071-052,أسود / Black,
1,103,ستاندات عرض / Display stands,حبل حاجز مع قفل ذهبي,Stanchion rope with gold hooks,مقاس 150 cm,O19071-055,O19071-055,بنفسجي / Purple,
1,103,ستاندات عرض / Display stands,حبل حاجز مع قفل فضي,Stanchion rope with silver hooks,مقاس 150 cm,O19071-061,O19071-061,أصفر / Yellow,
1,103,ستاندات عرض / Display stands,حبل حاجز مع قفل فضي,Stanchion rope with silver hooks,مقاس 150 cm,O19071-063,O19071-063,أحمر / Red,
1,103,ستاندات عرض / Display stands,حبل حاجز مع قفل فضي,Stanchion rope with silver hooks,مقاس 150 cm,O19071-064,O19071-064,أخضر / Green,
1,103,ستاندات عرض / Display stands,حبل حاجز مع قفل فضي,Stanchion rope with silver hooks,مقاس 150 cm,O19071-062,O19071-062,أسود / Black,
1,103,ستاندات عرض / Display stands,حبل حاجز مع قفل فضي,Stanchion rope with silver hooks,مقاس 150 cm,O19071-065,O19071-065,بنفسجي / Purple,
1,104,أعلام وساريات / Flags & poles,هدب علم - 50 متر,Flag fringe - 50 m,مقاس 50 METERS,O19081-003,O19081-003,ذهبي / Gold,
1,104,أعلام وساريات / Flags & poles,هدب علم - 300 متر,Flag fringe - 300 m,مقاس 300 METERS,O19081-006,O19081-006,ذهبي / Gold,لون 19081-008 فضي/رمادي فاتح حسب الصورة
1,104,أعلام وساريات / Flags & poles,هدب علم - 300 متر,Flag fringe - 300 m,مقاس 300 METERS,O19081-007,O19081-007,أخضر / Green,لون 19081-008 فضي/رمادي فاتح حسب الصورة
1,104,أعلام وساريات / Flags & poles,هدب علم - 300 متر,Flag fringe - 300 m,مقاس 300 METERS,O19081-008,O19081-008,فضي / Silver,لون 19081-008 فضي/رمادي فاتح حسب الصورة
1,104,أعلام وساريات / Flags & poles,هدب علم - 300 متر,Flag fringe - 300 m,مقاس 300 METERS,O19081-009,O19081-009,أبيض / White,لون 19081-008 فضي/رمادي فاتح حسب الصورة
1,105,أدوات مكتبية وحوامل إعلانات / Stationery & sign holders,حامل اعلانات مكتبي,Desk sign holder,عرضي A6,O5638-002,O5638-002,ذهبي / Gold,
1,105,أدوات مكتبية وحوامل إعلانات / Stationery & sign holders,حامل اعلانات مكتبي,Desk sign holder,عرضي A4 - قاعدة رخامية,O5638-004,O5638-004,أسود / Black,
1,105,أدوات مكتبية وحوامل إعلانات / Stationery & sign holders,حامل اعلانات مكتبي,Desk sign holder,طولي A5 - قاعدة خشبية,O5638-006,O5638-006,بني / Brown,
1,105,أدوات مكتبية وحوامل إعلانات / Stationery & sign holders,حامل اعلانات مكتبي,Desk sign holder,طولي A4,O5638-007,O5638-007,شفاف / Clear,
1,105,أدوات مكتبية وحوامل إعلانات / Stationery & sign holders,حامل اعلانات مكتبي,Desk sign holder,طولي A7,O5638-022,O5638-022,فضي / Silver,
1,105,أدوات مكتبية وحوامل إعلانات / Stationery & sign holders,حامل اعلانات مكتبي,Desk sign holder,عرضي A4,O5638-011,O5638-011,بني / Brown,
1,106,أدوات مكتبية وحوامل إعلانات / Stationery & sign holders,لوحة ارشادية داخلية - حامل مطويات,Indoor brochure / sign holder,عرضي A5,O5638-012,O5638-012,ذهبي / Gold,
1,106,أدوات مكتبية وحوامل إعلانات / Stationery & sign holders,لوحة ارشادية داخلية - حامل مطويات,Indoor brochure / sign holder,طبقتين A4,O5638-013,O5638-013,بني / Brown,
1,106,أدوات مكتبية وحوامل إعلانات / Stationery & sign holders,لوحة ارشادية داخلية - حامل مطويات,Indoor brochure / sign holder,3 طبقات A4,O5638-020,O5638-020,شفاف / Clear,
1,106,أدوات مكتبية وحوامل إعلانات / Stationery & sign holders,لوحة ارشادية داخلية - حامل مطويات,Indoor brochure / sign holder,4 طبقات A4,O5638-021,O5638-021,فضي / Silver,
1,106,أدوات مكتبية وحوامل إعلانات / Stationery & sign holders,لوحة ارشادية داخلية المونيوم,Indoor aluminium sign board,المونيوم A4,O5638-029,O5638-029,أسود / Black,
1,106,أدوات مكتبية وحوامل إعلانات / Stationery & sign holders,لوحة ارشادية داخلية المونيوم,Indoor aluminium sign board,المونيوم A5,O5638-030,O5638-030,أبيض / White,
1,107,ستاندات عرض / Display stands,ستاند عرض,"Display sign stand (adjustable, rotating)",تحكم بالمقاسات - قابل للدوران | A4,O5638-014,O5638-014,فضي / Silver,
1,107,ستاندات عرض / Display stands,ستاند عرض,"Display sign stand (adjustable, rotating)",تحكم بالمقاسات - قابل للدوران | A3,O5638-015,O5638-015,فضي / Silver,
1,107,ستاندات عرض / Display stands,ستاند عرض,"Display sign stand (adjustable, rotating)",تحكم بالمقاسات - قابل للدوران | A4,O5638-016,O5638-016,أسود / Black,
1,107,ستاندات عرض / Display stands,ستاند عرض,"Display sign stand (adjustable, rotating)",تحكم بالمقاسات - قابل للدوران | A3,O5638-017,O5638-017,أسود / Black,
1,107,ستاندات عرض / Display stands,ستاند عرض,"Display sign stand (adjustable, rotating)",تحكم بالمقاسات - قابل للدوران | A4,O5638-018,O5638-018,ذهبي / Gold,
1,107,ستاندات عرض / Display stands,ستاند عرض,"Display sign stand (adjustable, rotating)",تحكم بالمقاسات - قابل للدوران | A3,O5638-019,O5638-019,ذهبي / Gold,
1,108,أدوات مكتبية وحوامل إعلانات / Stationery & sign holders,حامل اعلانات جداري,Wall poster frame (snap frame),A4,O5638-023,O5638-023,فضي / Silver,
1,108,أدوات مكتبية وحوامل إعلانات / Stationery & sign holders,حامل اعلانات جداري,Wall poster frame (snap frame),A3,O5638-024,O5638-024,فضي / Silver,
1,108,أدوات مكتبية وحوامل إعلانات / Stationery & sign holders,حامل اعلانات جداري,Wall poster frame (snap frame),A4,O5638-025,O5638-025,أسود / Black,
1,108,أدوات مكتبية وحوامل إعلانات / Stationery & sign holders,حامل اعلانات جداري,Wall poster frame (snap frame),A3,O5638-026,O5638-026,أسود / Black,
1,108,أدوات مكتبية وحوامل إعلانات / Stationery & sign holders,حامل اعلانات جداري,Wall poster frame (snap frame),A4,O5638-027,O5638-027,ذهبي / Gold,
1,108,أدوات مكتبية وحوامل إعلانات / Stationery & sign holders,حامل اعلانات جداري,Wall poster frame (snap frame),A3,O5638-038,O5638-038,ذهبي / Gold,
1,108,ستاندات عرض / Display stands,ستاند 3 أوجه,3-sided rotating display stand,A4,O5638-028,O5638-028,أسود / Black,
1,109,أدوات مكتبية وحوامل إعلانات / Stationery & sign holders,حامل اعلانات - تركيب سحاب,Push-pull display frame,A5 - 14.8 X 21 cm,O19077-001,O19077-001,أبيض / White,
1,109,أدوات مكتبية وحوامل إعلانات / Stationery & sign holders,حامل اعلانات - تركيب سحاب,Push-pull display frame,A5 - 14.8 X 21 cm,O19077-002,O19077-002,أسود / Black,
1,109,أدوات مكتبية وحوامل إعلانات / Stationery & sign holders,حامل اعلانات - تركيب سحاب,Push-pull display frame,A4 - 29.7 X 21 cm,O19077-021,O19077-021,أبيض / White,
1,109,أدوات مكتبية وحوامل إعلانات / Stationery & sign holders,حامل اعلانات - تركيب سحاب,Push-pull display frame,A4 - 29.7 X 21 cm,O19077-022,O19077-022,أسود / Black,
1,109,أدوات مكتبية وحوامل إعلانات / Stationery & sign holders,حامل اعلانات - تركيب سحاب,Push-pull display frame,A3 - 42 X 29.7 cm,O19077-041,O19077-041,أبيض / White,
1,109,أدوات مكتبية وحوامل إعلانات / Stationery & sign holders,حامل اعلانات - تركيب سحاب,Push-pull display frame,A3 - 42 X 29.7 cm,O19077-042,O19077-042,أسود / Black,
1,110,أدوات مكتبية وحوامل إعلانات / Stationery & sign holders,حامل اعلانات جداري متعدد الاستخدامات,Multi-use acrylic sign holder (wall/desk),طولي A5,O5638-031,O5638-031,شفاف / Clear,
1,110,أدوات مكتبية وحوامل إعلانات / Stationery & sign holders,حامل اعلانات جداري متعدد الاستخدامات,Multi-use acrylic sign holder (wall/desk),طولي A4,O5638-032,O5638-032,شفاف / Clear,
1,110,أدوات مكتبية وحوامل إعلانات / Stationery & sign holders,حامل اعلانات جداري متعدد الاستخدامات,Multi-use acrylic sign holder (wall/desk),طولي A3,O5638-034,O5638-034,شفاف / Clear,
1,110,أدوات مكتبية وحوامل إعلانات / Stationery & sign holders,حامل اعلانات جداري متعدد الاستخدامات,Multi-use acrylic sign holder (wall/desk),عرضي A5,O5638-035,O5638-035,شفاف / Clear,
1,110,أدوات مكتبية وحوامل إعلانات / Stationery & sign holders,حامل اعلانات جداري متعدد الاستخدامات,Multi-use acrylic sign holder (wall/desk),عرضي A4,O5638-036,O5638-036,شفاف / Clear,
1,110,أدوات مكتبية وحوامل إعلانات / Stationery & sign holders,حامل اعلانات جداري متعدد الاستخدامات,Multi-use acrylic sign holder (wall/desk),عرضي A3,O5638-037,O5638-037,شفاف / Clear,
2,4,أكياس وشنط / Bags,حقيبة لابتوب أنيقة (ظرف),Elegant laptop bag (sleeve),تصميم موحّد بعدة ألوان - مناسبة لهدايا الموظفين الجدد - قابلة للطباعة بالشعار | ص 17,,N-P004-1-1,أسود / Black,لا يوجد رقم موديل مطبوع في الكتالوج
2,4,أكياس وشنط / Bags,حقيبة لابتوب أنيقة (ظرف),Elegant laptop bag (sleeve),تصميم موحّد بعدة ألوان - مناسبة لهدايا الموظفين الجدد - قابلة للطباعة بالشعار | ص 7,,N-P004-1-2,رمادي / Gray,لا يوجد رقم موديل مطبوع في الكتالوج
2,4,أكياس وشنط / Bags,حقيبة لابتوب أنيقة (ظرف),Elegant laptop bag (sleeve),تصميم موحّد بعدة ألوان - مناسبة لهدايا الموظفين الجدد - قابلة للطباعة بالشعار | ص 13,,N-P004-1-3,كحلي / Navy,لا يوجد رقم موديل مطبوع في الكتالوج
2,4,أكياس وشنط / Bags,حقيبة لابتوب أنيقة (ظرف),Elegant laptop bag (sleeve),تصميم موحّد بعدة ألوان - مناسبة لهدايا الموظفين الجدد - قابلة للطباعة بالشعار | ص 10,,N-P004-1-4,أخضر / Green,لا يوجد رقم موديل مطبوع في الكتالوج
2,4,أكياس وشنط / Bags,حقيبة لابتوب أنيقة (ظرف),Elegant laptop bag (sleeve),تصميم موحّد بعدة ألوان - مناسبة لهدايا الموظفين الجدد - قابلة للطباعة بالشعار | ص 5,,N-P004-1-5,بنفسجي / Purple,لا يوجد رقم موديل مطبوع في الكتالوج
2,6,أطقم وبوكسات ترحيب / Welcome kits & gift sets,طقم ترحيب الموظفين,Employees welcome kit,حقيبة لابتوب + نوت بوك، قلم معدني، حامل بطاقات مع ستاند جوال MagSafe، شريط تعليق، حامل بطاقة يويو معدني، حامل بطاقة تعريف | ص 6,,N-P006-1-1,بنفسجي / Purple,لا يوجد رقم موديل مطبوع في الكتالوج | صفحة 6 مكتوب عليها «Gray color» بينما الطقم المصوَّر بنفسجي؛ الأخضر بعنوان «Executive Office Gift Set in Dark Green»
2,6,أطقم وبوكسات ترحيب / Welcome kits & gift sets,طقم ترحيب الموظفين,Employees welcome kit,حقيبة لابتوب + نوت بوك، قلم معدني، حامل بطاقات مع ستاند جوال MagSafe، شريط تعليق، حامل بطاقة يويو معدني، حامل بطاقة تعريف | ص 9,,N-P006-1-2,رمادي / Gray,لا يوجد رقم موديل مطبوع في الكتالوج | صفحة 6 مكتوب عليها «Gray color» بينما الطقم المصوَّر بنفسجي؛ الأخضر بعنوان «Executive Office Gift Set in Dark Green»
2,6,أطقم وبوكسات ترحيب / Welcome kits & gift sets,طقم ترحيب الموظفين,Employees welcome kit,حقيبة لابتوب + نوت بوك، قلم معدني، حامل بطاقات مع ستاند جوال MagSafe، شريط تعليق، حامل بطاقة يويو معدني، حامل بطاقة تعريف | ص 11,,N-P006-1-3,أخضر / Green,لا يوجد رقم موديل مطبوع في الكتالوج | صفحة 6 مكتوب عليها «Gray color» بينما الطقم المصوَّر بنفسجي؛ الأخضر بعنوان «Executive Office Gift Set in Dark Green»
2,6,أطقم وبوكسات ترحيب / Welcome kits & gift sets,طقم ترحيب الموظفين,Employees welcome kit,حقيبة لابتوب + نوت بوك، قلم معدني، حامل بطاقات مع ستاند جوال MagSafe، شريط تعليق، حامل بطاقة يويو معدني، حامل بطاقة تعريف | ص 16,,N-P006-1-4,كحلي / Navy,لا يوجد رقم موديل مطبوع في الكتالوج | صفحة 6 مكتوب عليها «Gray color» بينما الطقم المصوَّر بنفسجي؛ الأخضر بعنوان «Executive Office Gift Set in Dark Green»
2,6,أطقم وبوكسات ترحيب / Welcome kits & gift sets,طقم ترحيب الموظفين,Employees welcome kit,حقيبة لابتوب + نوت بوك، قلم معدني، حامل بطاقات مع ستاند جوال MagSafe، شريط تعليق، حامل بطاقة يويو معدني، حامل بطاقة تعريف | ص 20,,N-P006-1-5,أسود / Black,لا يوجد رقم موديل مطبوع في الكتالوج | صفحة 6 مكتوب عليها «Gray color» بينما الطقم المصوَّر بنفسجي؛ الأخضر بعنوان «Executive Office Gift Set in Dark Green»
2,8,أطقم وبوكسات ترحيب / Welcome kits & gift sets,طقم ترحيب المدراء,Managers welcome kit,نوت بوك، قلم، باور بانك، حامل بطاقات، ميدالية | ص 8,,N-P008-1-1,رمادي / Gray,لا يوجد رقم موديل مطبوع في الكتالوج
2,8,أطقم وبوكسات ترحيب / Welcome kits & gift sets,طقم ترحيب المدراء,Managers welcome kit,نوت بوك، قلم، باور بانك، حامل بطاقات، ميدالية | ص 12,,N-P008-1-2,أخضر / Green,لا يوجد رقم موديل مطبوع في الكتالوج
2,8,أطقم وبوكسات ترحيب / Welcome kits & gift sets,طقم ترحيب المدراء,Managers welcome kit,نوت بوك، قلم، باور بانك، حامل بطاقات، ميدالية | ص 15,,N-P008-1-3,كحلي / Navy,لا يوجد رقم موديل مطبوع في الكتالوج
2,8,أطقم وبوكسات ترحيب / Welcome kits & gift sets,طقم ترحيب المدراء,Managers welcome kit,نوت بوك، قلم، باور بانك، حامل بطاقات، ميدالية | ص 19,,N-P008-1-4,أسود / Black,لا يوجد رقم موديل مطبوع في الكتالوج
2,24,أطقم وبوكسات ترحيب / Welcome kits & gift sets,بوكس ترحيب بمقبض,Welcome kit box with handle,نوت بوك بشريط مطاطي، قلم، باور بانك، زمزمية حرارية، فلاش USB - بوكس بغطاء مائل ومقبض | ص 24,,N-P024-1-1,أبيض / White,لا يوجد رقم موديل مطبوع في الكتالوج
2,24,أطقم وبوكسات ترحيب / Welcome kits & gift sets,بوكس ترحيب بمقبض,Welcome kit box with handle,نوت بوك بشريط مطاطي، قلم، باور بانك، زمزمية حرارية، فلاش USB - بوكس بغطاء مائل ومقبض | ص 25,,N-P024-1-2,رمادي / Gray,لا يوجد رقم موديل مطبوع في الكتالوج
2,24,أطقم وبوكسات ترحيب / Welcome kits & gift sets,بوكس ترحيب بمقبض,Welcome kit box with handle,نوت بوك بشريط مطاطي، قلم، باور بانك، زمزمية حرارية، فلاش USB - بوكس بغطاء مائل ومقبض | ص 26,,N-P024-1-3,أخضر / Green,لا يوجد رقم موديل مطبوع في الكتالوج
2,24,أطقم وبوكسات ترحيب / Welcome kits & gift sets,بوكس ترحيب بمقبض,Welcome kit box with handle,نوت بوك بشريط مطاطي، قلم، باور بانك، زمزمية حرارية، فلاش USB - بوكس بغطاء مائل ومقبض | ص 27,,N-P024-1-4,كحلي / Navy,لا يوجد رقم موديل مطبوع في الكتالوج
2,24,أطقم وبوكسات ترحيب / Welcome kits & gift sets,بوكس ترحيب بمقبض,Welcome kit box with handle,نوت بوك بشريط مطاطي، قلم، باور بانك، زمزمية حرارية، فلاش USB - بوكس بغطاء مائل ومقبض | ص 27,,N-P024-1-5,أسود / Black,لا يوجد رقم موديل مطبوع في الكتالوج
2,28,أطقم وبوكسات ترحيب / Welcome kits & gift sets,طقم السفر (Flying set),Flying set,علبة مغناطيسية قابلة للطي + كيس ورقي؛ قلم معدني، ميدالية، بروش معدني، حامل بطاقات مغناطيسي، نوت بوك | ص 28,,N-P028-1-1,بنفسجي / Purple,لا يوجد رقم موديل مطبوع في الكتالوج | الصفحة 32 مطبوع عليها «PAGE 31»
2,28,أطقم وبوكسات ترحيب / Welcome kits & gift sets,طقم السفر (Flying set),Flying set,علبة مغناطيسية قابلة للطي + كيس ورقي؛ قلم معدني، ميدالية، بروش معدني، حامل بطاقات مغناطيسي، نوت بوك | ص 29,,N-P028-1-2,أخضر / Green,لا يوجد رقم موديل مطبوع في الكتالوج | الصفحة 32 مطبوع عليها «PAGE 31»
2,28,أطقم وبوكسات ترحيب / Welcome kits & gift sets,طقم السفر (Flying set),Flying set,علبة مغناطيسية قابلة للطي + كيس ورقي؛ قلم معدني، ميدالية، بروش معدني، حامل بطاقات مغناطيسي، نوت بوك | ص 30,,N-P028-1-3,أبيض / White,لا يوجد رقم موديل مطبوع في الكتالوج | الصفحة 32 مطبوع عليها «PAGE 31»
2,28,أطقم وبوكسات ترحيب / Welcome kits & gift sets,طقم السفر (Flying set),Flying set,علبة مغناطيسية قابلة للطي + كيس ورقي؛ قلم معدني، ميدالية، بروش معدني، حامل بطاقات مغناطيسي، نوت بوك | ص 32,,N-P028-1-4,أسود / Black,لا يوجد رقم موديل مطبوع في الكتالوج | الصفحة 32 مطبوع عليها «PAGE 31»
2,28,أطقم وبوكسات ترحيب / Welcome kits & gift sets,طقم السفر (Flying set),Flying set,علبة مغناطيسية قابلة للطي + كيس ورقي؛ قلم معدني، ميدالية، بروش معدني، حامل بطاقات مغناطيسي، نوت بوك | ص 33,,N-P028-1-5,كحلي / Navy,لا يوجد رقم موديل مطبوع في الكتالوج | الصفحة 32 مطبوع عليها «PAGE 31»
2,34,أطقم وبوكسات ترحيب / Welcome kits & gift sets,طقم هدايا مكتبي فاخر,Luxury office gift set,علبة بدرج منزلق ولوحة قابلة للحفر؛ نوت بوك، قلم، باور بانك، ميدالية | ص 34,,N-P034-1-1,أسود / Black,لا يوجد رقم موديل مطبوع في الكتالوج
2,34,أطقم وبوكسات ترحيب / Welcome kits & gift sets,طقم هدايا مكتبي فاخر,Luxury office gift set,علبة بدرج منزلق ولوحة قابلة للحفر؛ نوت بوك، قلم، باور بانك، ميدالية | ص 35,,N-P034-1-2,أخضر / Green,لا يوجد رقم موديل مطبوع في الكتالوج
2,34,أطقم وبوكسات ترحيب / Welcome kits & gift sets,طقم هدايا مكتبي فاخر,Luxury office gift set,علبة بدرج منزلق ولوحة قابلة للحفر؛ نوت بوك، قلم، باور بانك، ميدالية | ص 36,,N-P034-1-3,كحلي / Navy,لا يوجد رقم موديل مطبوع في الكتالوج
2,34,أطقم وبوكسات ترحيب / Welcome kits & gift sets,طقم هدايا مكتبي فاخر,Luxury office gift set,علبة بدرج منزلق ولوحة قابلة للحفر؛ نوت بوك، قلم، باور بانك، ميدالية | ص 37,,N-P034-1-4,أبيض / White,لا يوجد رقم موديل مطبوع في الكتالوج
2,38,أطقم وبوكسات ترحيب / Welcome kits & gift sets,طقم مكتبي تنفيذي (بوكس مغناطيسي),Executive office set (welcome kit),علبة مغناطيسية بيضاء؛ نوت بوك جلد، قلم معدني، مج حراري | ص 38,,N-P038-1-1,أحمر / Red,لا يوجد رقم موديل مطبوع في الكتالوج
2,38,أطقم وبوكسات ترحيب / Welcome kits & gift sets,طقم مكتبي تنفيذي (بوكس مغناطيسي),Executive office set (welcome kit),علبة مغناطيسية بيضاء؛ نوت بوك جلد، قلم معدني، مج حراري | ص 39,,N-P038-1-2,أسود / Black,لا يوجد رقم موديل مطبوع في الكتالوج
2,38,أطقم وبوكسات ترحيب / Welcome kits & gift sets,طقم مكتبي تنفيذي (بوكس مغناطيسي),Executive office set (welcome kit),علبة مغناطيسية بيضاء؛ نوت بوك جلد، قلم معدني، مج حراري | ص 40,,N-P038-1-3,بنفسجي / Purple,لا يوجد رقم موديل مطبوع في الكتالوج
2,38,أطقم وبوكسات ترحيب / Welcome kits & gift sets,طقم مكتبي تنفيذي (بوكس مغناطيسي),Executive office set (welcome kit),علبة مغناطيسية بيضاء؛ نوت بوك جلد، قلم معدني، مج حراري | ص 41,,N-P038-1-4,رمادي / Gray,لا يوجد رقم موديل مطبوع في الكتالوج
2,38,أطقم وبوكسات ترحيب / Welcome kits & gift sets,طقم مكتبي تنفيذي (بوكس مغناطيسي),Executive office set (welcome kit),علبة مغناطيسية بيضاء؛ نوت بوك جلد، قلم معدني، مج حراري | ص 42,,N-P038-1-5,كحلي / Navy,لا يوجد رقم موديل مطبوع في الكتالوج
2,38,أطقم وبوكسات ترحيب / Welcome kits & gift sets,طقم مكتبي تنفيذي (بوكس مغناطيسي),Executive office set (welcome kit),علبة مغناطيسية بيضاء؛ نوت بوك جلد، قلم معدني، مج حراري | ص 43,,N-P038-1-6,أبيض / White,لا يوجد رقم موديل مطبوع في الكتالوج
2,38,أطقم وبوكسات ترحيب / Welcome kits & gift sets,طقم مكتبي تنفيذي (بوكس مغناطيسي),Executive office set (welcome kit),علبة مغناطيسية بيضاء؛ نوت بوك جلد، قلم معدني، مج حراري | ص 44,,N-P038-1-7,أخضر / Green,لا يوجد رقم موديل مطبوع في الكتالوج
2,45,أطقم وبوكسات ترحيب / Welcome kits & gift sets,طقم ترحيب صديق للبيئة,Eco-friendly welcome kit,نوت بوك فلين، قلم، حامل كروت شخصية، ميدالية,,N-P045-1,فلين / Cork,لا يوجد رقم موديل مطبوع في الكتالوج
2,46,أطقم وبوكسات ترحيب / Welcome kits & gift sets,طقم مكتبي طبيعي 3 في 1,3-in-1 natural office gift set,زجاجة زجاج بغطاء بامبو، شمعة معطّرة، كوب زجاج مزدوج الجدار - مقاس البوكس 24.5×21.5 سم,,N-P046-1,خشبي طبيعي / Natural wood,لا يوجد رقم موديل مطبوع في الكتالوج
2,48,أطقم وبوكسات ترحيب / Welcome kits & gift sets,طقم مكتبي أنيق (بوكس بمقبض),Stylish office gift set,بوكس بمقبض قماش؛ نوت بوك + قلم معدني | ص 48,,N-P048-1-1,رمادي / Gray,لا يوجد رقم موديل مطبوع في الكتالوج | صفحة 51 تعرض البوكس مغلقًا بالألوان الستة
2,48,أطقم وبوكسات ترحيب / Welcome kits & gift sets,طقم مكتبي أنيق (بوكس بمقبض),Stylish office gift set,بوكس بمقبض قماش؛ نوت بوك + قلم معدني | ص 48,,N-P048-1-2,أسود / Black,لا يوجد رقم موديل مطبوع في الكتالوج | صفحة 51 تعرض البوكس مغلقًا بالألوان الستة
2,48,أطقم وبوكسات ترحيب / Welcome kits & gift sets,طقم مكتبي أنيق (بوكس بمقبض),Stylish office gift set,بوكس بمقبض قماش؛ نوت بوك + قلم معدني | ص 49,,N-P048-1-3,بنفسجي / Purple,لا يوجد رقم موديل مطبوع في الكتالوج | صفحة 51 تعرض البوكس مغلقًا بالألوان الستة
2,48,أطقم وبوكسات ترحيب / Welcome kits & gift sets,طقم مكتبي أنيق (بوكس بمقبض),Stylish office gift set,بوكس بمقبض قماش؛ نوت بوك + قلم معدني | ص 49,,N-P048-1-4,كحلي / Navy,لا يوجد رقم موديل مطبوع في الكتالوج | صفحة 51 تعرض البوكس مغلقًا بالألوان الستة
2,48,أطقم وبوكسات ترحيب / Welcome kits & gift sets,طقم مكتبي أنيق (بوكس بمقبض),Stylish office gift set,بوكس بمقبض قماش؛ نوت بوك + قلم معدني | ص 50,,N-P048-1-5,أبيض / White,لا يوجد رقم موديل مطبوع في الكتالوج | صفحة 51 تعرض البوكس مغلقًا بالألوان الستة
2,48,أطقم وبوكسات ترحيب / Welcome kits & gift sets,طقم مكتبي أنيق (بوكس بمقبض),Stylish office gift set,بوكس بمقبض قماش؛ نوت بوك + قلم معدني | ص 50,,N-P048-1-6,أخضر / Green,لا يوجد رقم موديل مطبوع في الكتالوج | صفحة 51 تعرض البوكس مغلقًا بالألوان الستة
2,52,دفاتر ونوت بوك / Notebooks,نوت بوك وقلم بذور صديق للبيئة,Eco-friendly notebook & seed pen,غلاف خشبي - شريط أخضر,,N-P052-1,خشبي طبيعي / Natural wood,لا يوجد رقم موديل مطبوع في الكتالوج
2,53,دفاتر ونوت بوك / Notebooks,نوت بوك صديق للبيئة مع حامل جوال,Eco-friendly notebook with mobile holder,مصنوع من قش الأرز / كراتين الحليب المعاد تدويرها,,N-P053-1,كرافت / Kraft,لا يوجد رقم موديل مطبوع في الكتالوج
2,54,دفاتر ونوت بوك / Notebooks,طقم نوت بوك وقلم فلين / قماش صديق للبيئة,Eco-friendly cork & fabric notebook and pen set,,,N-P054-1,فلين / Cork,لا يوجد رقم موديل مطبوع في الكتالوج
2,55,أكياس وشنط / Bags,حقيبة لابتوب ومحطة عمل,Laptop case & workstation,33×28 سم - تتحول إلى ستاند للابتوب,,N-P055-1-1,أسود / Black,لا يوجد رقم موديل مطبوع في الكتالوج | الصفحتان 55-56
2,55,أكياس وشنط / Bags,حقيبة لابتوب ومحطة عمل,Laptop case & workstation,33×28 سم - تتحول إلى ستاند للابتوب,,N-P055-1-2,رمادي / Gray,لا يوجد رقم موديل مطبوع في الكتالوج | الصفحتان 55-56
2,55,أكياس وشنط / Bags,حقيبة لابتوب ومحطة عمل,Laptop case & workstation,33×28 سم - تتحول إلى ستاند للابتوب,,N-P055-1-3,أخضر / Green,لا يوجد رقم موديل مطبوع في الكتالوج | الصفحتان 55-56
2,55,أكياس وشنط / Bags,حقيبة لابتوب ومحطة عمل,Laptop case & workstation,33×28 سم - تتحول إلى ستاند للابتوب,,N-P055-1-4,كحلي / Navy,لا يوجد رقم موديل مطبوع في الكتالوج | الصفحتان 55-56
2,55,أكياس وشنط / Bags,حقيبة لابتوب ومحطة عمل,Laptop case & workstation,33×28 سم - تتحول إلى ستاند للابتوب,,N-P055-1-5,بيج / Beige,لا يوجد رقم موديل مطبوع في الكتالوج | الصفحتان 55-56
2,57,أغلفة شهادات / Certificate covers,ملف شهادات جلد,Leather certificates folder,لحفظ وتقديم شهادات التخرج - مكان للشعار,,N-P057-1-1,أسود / Black,لا يوجد رقم موديل مطبوع في الكتالوج | الصفحتان 57-58
2,57,أغلفة شهادات / Certificate covers,ملف شهادات جلد,Leather certificates folder,لحفظ وتقديم شهادات التخرج - مكان للشعار,,N-P057-1-2,أبيض / White,لا يوجد رقم موديل مطبوع في الكتالوج | الصفحتان 57-58
2,57,أغلفة شهادات / Certificate covers,ملف شهادات جلد,Leather certificates folder,لحفظ وتقديم شهادات التخرج - مكان للشعار,,N-P057-1-3,كحلي / Navy,لا يوجد رقم موديل مطبوع في الكتالوج | الصفحتان 57-58
2,57,أغلفة شهادات / Certificate covers,ملف شهادات جلد,Leather certificates folder,لحفظ وتقديم شهادات التخرج - مكان للشعار,,N-P057-1-4,أخضر / Green,لا يوجد رقم موديل مطبوع في الكتالوج | الصفحتان 57-58
2,60,مسابح وسجادات صلاة / Prayer beads & prayer rugs,سبحة من العقيق الطبيعي,Natural agate prayer beads,مسبحة 33 حبة - بلاكة قابلة للحفر بالاسم أو الشعار - علبة سوداء فاخرة | عقيق,,N-P060-1,بني / Brown,لا يوجد رقم موديل مطبوع في الكتالوج
2,61,مسابح وسجادات صلاة / Prayer beads & prayer rugs,سبحة من الحجر الطبيعي (رمادي مرقّط),Natural stone prayer beads (snowflake),مسبحة 33 حبة - بلاكة قابلة للحفر بالاسم أو الشعار - علبة سوداء فاخرة,,N-P061-1,رمادي / أسود / Gray / Black,لا يوجد رقم موديل مطبوع في الكتالوج
2,62,مسابح وسجادات صلاة / Prayer beads & prayer rugs,سبحة من الحجر الطبيعي (أبيض),Natural stone prayer beads (white),مسبحة 33 حبة - بلاكة قابلة للحفر بالاسم أو الشعار - علبة سوداء فاخرة,,N-P062-1,أبيض / White,لا يوجد رقم موديل مطبوع في الكتالوج
2,63,مسابح وسجادات صلاة / Prayer beads & prayer rugs,سبحة من الحجر الطبيعي (أسود) مع قلم,Natural stone prayer beads (black) with pen,مسبحة 33 حبة - بلاكة قابلة للحفر بالاسم أو الشعار - علبة سوداء فاخرة - يمكن إضافة قلم,,N-P063-1,أسود / Black,لا يوجد رقم موديل مطبوع في الكتالوج
2,64,مسابح وسجادات صلاة / Prayer beads & prayer rugs,سبحة من الحجر الطبيعي (وردي),Natural stone prayer beads (pink),مسبحة 33 حبة - بلاكة قابلة للحفر بالاسم أو الشعار - علبة سوداء فاخرة,,N-P064-1,وردي / Pink,لا يوجد رقم موديل مطبوع في الكتالوج
2,65,مسابح وسجادات صلاة / Prayer beads & prayer rugs,سبحة من الحجر الطبيعي (بني مرقّط),"Natural stone prayer beads (brown, speckled)",مسبحة 33 حبة - بلاكة قابلة للحفر بالاسم أو الشعار - علبة سوداء فاخرة,,N-P065-1,بني / رمادي / Brown / Gray,لا يوجد رقم موديل مطبوع في الكتالوج
2,66,مسابح وسجادات صلاة / Prayer beads & prayer rugs,سبحة من الحجر الطبيعي (أخضر),Natural stone prayer beads (green),مسبحة 33 حبة - بلاكة قابلة للحفر بالاسم أو الشعار - علبة سوداء فاخرة,,N-P066-1,أخضر / Green,لا يوجد رقم موديل مطبوع في الكتالوج
2,67,مسابح وسجادات صلاة / Prayer beads & prayer rugs,سبحة بلاستيك 33 حبة,"Plastic prayer beads, 33 beads",مسبحة - بلاكة دائرية قابلة للحفر - كيس مخمل | ص 67,,N-P067-1-1,أخضر رخامي / Green marble,لا يوجد رقم موديل مطبوع في الكتالوج
2,67,مسابح وسجادات صلاة / Prayer beads & prayer rugs,سبحة بلاستيك 33 حبة,"Plastic prayer beads, 33 beads",مسبحة - بلاكة دائرية قابلة للحفر - كيس مخمل | ص 68,,N-P067-1-2,أسود / Black,لا يوجد رقم موديل مطبوع في الكتالوج
2,67,مسابح وسجادات صلاة / Prayer beads & prayer rugs,سبحة بلاستيك 33 حبة,"Plastic prayer beads, 33 beads",مسبحة - بلاكة دائرية قابلة للحفر - كيس مخمل | ص 69,,N-P067-1-3,زيتي / Olive,لا يوجد رقم موديل مطبوع في الكتالوج
2,67,مسابح وسجادات صلاة / Prayer beads & prayer rugs,سبحة بلاستيك 33 حبة,"Plastic prayer beads, 33 beads",مسبحة - بلاكة دائرية قابلة للحفر - كيس مخمل | ص 70,,N-P067-1-4,زيتي غامق / Dark olive,لا يوجد رقم موديل مطبوع في الكتالوج
2,67,مسابح وسجادات صلاة / Prayer beads & prayer rugs,سبحة بلاستيك 33 حبة,"Plastic prayer beads, 33 beads",مسبحة - بلاكة دائرية قابلة للحفر - كيس مخمل | ص 71,,N-P067-1-5,بنفسجي / Purple,لا يوجد رقم موديل مطبوع في الكتالوج
2,67,مسابح وسجادات صلاة / Prayer beads & prayer rugs,سبحة بلاستيك 33 حبة,"Plastic prayer beads, 33 beads",مسبحة - بلاكة دائرية قابلة للحفر - كيس مخمل | ص 72,,N-P067-1-6,أزرق / Blue,لا يوجد رقم موديل مطبوع في الكتالوج
2,67,مسابح وسجادات صلاة / Prayer beads & prayer rugs,سبحة بلاستيك 33 حبة,"Plastic prayer beads, 33 beads",مسبحة - بلاكة دائرية قابلة للحفر - كيس مخمل | ص 73,,N-P067-1-7,تركوازي / Teal,لا يوجد رقم موديل مطبوع في الكتالوج
2,74,ميداليات / Keychains,ميدالية سيارة بحزام جلد,Car keychain with leather strap,سبيكة زنك - حزام جلد,,N-P074-1-1,أسود / Black,لا يوجد رقم موديل مطبوع في الكتالوج
2,74,ميداليات / Keychains,ميدالية سيارة بحزام جلد,Car keychain with leather strap,سبيكة زنك - حزام جلد,,N-P074-1-2,أخضر / Green,لا يوجد رقم موديل مطبوع في الكتالوج
2,74,ميداليات / Keychains,ميدالية سيارة بحزام جلد,Car keychain with leather strap,سبيكة زنك - حزام جلد,,N-P074-1-3,كحلي / Navy,لا يوجد رقم موديل مطبوع في الكتالوج
2,75,ميداليات / Keychains,ميدالية بحزام قماش منسوج,Keychain with woven fabric strap,,,N-P075-1-1,أسود / Black,لا يوجد رقم موديل مطبوع في الكتالوج
2,75,ميداليات / Keychains,ميدالية بحزام قماش منسوج,Keychain with woven fabric strap,,,N-P075-1-2,أزرق / Blue,لا يوجد رقم موديل مطبوع في الكتالوج
2,75,ميداليات / Keychains,ميدالية بحزام قماش منسوج,Keychain with woven fabric strap,,,N-P075-1-3,أخضر / Green,لا يوجد رقم موديل مطبوع في الكتالوج
2,75,ميداليات / Keychains,ميدالية بحزام قماش منسوج,Keychain with woven fabric strap,,,N-P075-1-4,كحلي / Navy,لا يوجد رقم موديل مطبوع في الكتالوج
2,76,ميداليات / Keychains,ميدالية بشريط ملوّن وحلقة لامعة,Keychain with coloured band & shiny ring,,,N-P076-1-1,أسود / Black,لا يوجد رقم موديل مطبوع في الكتالوج
2,76,ميداليات / Keychains,ميدالية بشريط ملوّن وحلقة لامعة,Keychain with coloured band & shiny ring,,,N-P076-1-2,أبيض / White,لا يوجد رقم موديل مطبوع في الكتالوج
2,76,ميداليات / Keychains,ميدالية بشريط ملوّن وحلقة لامعة,Keychain with coloured band & shiny ring,,,N-P076-1-3,أخضر / Green,لا يوجد رقم موديل مطبوع في الكتالوج
2,76,ميداليات / Keychains,ميدالية بشريط ملوّن وحلقة لامعة,Keychain with coloured band & shiny ring,,,N-P076-1-4,كحلي / Navy,لا يوجد رقم موديل مطبوع في الكتالوج
2,76,ميداليات / Keychains,ميدالية بشريط ملوّن وحلقة لامعة,Keychain with coloured band & shiny ring,,,N-P076-1-5,خوخي / Peach,لا يوجد رقم موديل مطبوع في الكتالوج
2,77,محافظ وحوامل بطاقات / Wallets & card holders,محفظة مغناطيسية وستاند MagSafe,Magnetic wallet & stand (MagSafe),جلد - جيوب للبطاقات والصور,,N-P077-1-1,أسود / Black,لا يوجد رقم موديل مطبوع في الكتالوج | الصفحتان 77-78
2,77,محافظ وحوامل بطاقات / Wallets & card holders,محفظة مغناطيسية وستاند MagSafe,Magnetic wallet & stand (MagSafe),جلد - جيوب للبطاقات والصور,,N-P077-1-2,رمادي / Gray,لا يوجد رقم موديل مطبوع في الكتالوج | الصفحتان 77-78
2,77,محافظ وحوامل بطاقات / Wallets & card holders,محفظة مغناطيسية وستاند MagSafe,Magnetic wallet & stand (MagSafe),جلد - جيوب للبطاقات والصور,,N-P077-1-3,أزرق / Blue,لا يوجد رقم موديل مطبوع في الكتالوج | الصفحتان 77-78
2,79,محافظ وحوامل بطاقات / Wallets & card holders,حامل بطاقات مغناطيسي MagSafe مع ستاند,Magnetic MagSafe card holder with stand,6.5×9.5 سم,,N-P079-1-1,أسود / Black,لا يوجد رقم موديل مطبوع في الكتالوج | الصفحتان 79-80
2,79,محافظ وحوامل بطاقات / Wallets & card holders,حامل بطاقات مغناطيسي MagSafe مع ستاند,Magnetic MagSafe card holder with stand,6.5×9.5 سم,,N-P079-1-2,رمادي / Gray,لا يوجد رقم موديل مطبوع في الكتالوج | الصفحتان 79-80
2,79,محافظ وحوامل بطاقات / Wallets & card holders,حامل بطاقات مغناطيسي MagSafe مع ستاند,Magnetic MagSafe card holder with stand,6.5×9.5 سم,,N-P079-1-3,أبيض / White,لا يوجد رقم موديل مطبوع في الكتالوج | الصفحتان 79-80
2,79,محافظ وحوامل بطاقات / Wallets & card holders,حامل بطاقات مغناطيسي MagSafe مع ستاند,Magnetic MagSafe card holder with stand,6.5×9.5 سم,,N-P079-1-4,كحلي / Navy,لا يوجد رقم موديل مطبوع في الكتالوج | الصفحتان 79-80
2,79,محافظ وحوامل بطاقات / Wallets & card holders,حامل بطاقات مغناطيسي MagSafe مع ستاند,Magnetic MagSafe card holder with stand,6.5×9.5 سم,,N-P079-1-5,أخضر / Green,لا يوجد رقم موديل مطبوع في الكتالوج | الصفحتان 79-80
2,79,محافظ وحوامل بطاقات / Wallets & card holders,حامل بطاقات مغناطيسي MagSafe مع ستاند,Magnetic MagSafe card holder with stand,6.5×9.5 سم,,N-P079-1-6,بنفسجي / Purple,لا يوجد رقم موديل مطبوع في الكتالوج | الصفحتان 79-80
2,81,محافظ وحوامل بطاقات / Wallets & card holders,محفظة بطاقات (Pop-up),Cards wallet (pop-up card holder),6×9.5 سم,,N-P081-1-1,أسود / Black,لا يوجد رقم موديل مطبوع في الكتالوج
2,81,محافظ وحوامل بطاقات / Wallets & card holders,محفظة بطاقات (Pop-up),Cards wallet (pop-up card holder),6×9.5 سم,,N-P081-1-2,رمادي / Gray,لا يوجد رقم موديل مطبوع في الكتالوج
2,81,محافظ وحوامل بطاقات / Wallets & card holders,محفظة بطاقات (Pop-up),Cards wallet (pop-up card holder),6×9.5 سم,,N-P081-1-3,أخضر / Green,لا يوجد رقم موديل مطبوع في الكتالوج
2,81,محافظ وحوامل بطاقات / Wallets & card holders,محفظة بطاقات (Pop-up),Cards wallet (pop-up card holder),6×9.5 سم,,N-P081-1-4,أزرق / Blue,لا يوجد رقم موديل مطبوع في الكتالوج
2,82,محافظ وحوامل بطاقات / Wallets & card holders,حامل كروت شخصية جلد ومعدن,Business card holder (leather & metal),,,N-P082-1-1,أسود / Black,لا يوجد رقم موديل مطبوع في الكتالوج
2,82,محافظ وحوامل بطاقات / Wallets & card holders,حامل كروت شخصية جلد ومعدن,Business card holder (leather & metal),,,N-P082-1-2,رمادي / Gray,لا يوجد رقم موديل مطبوع في الكتالوج
2,82,محافظ وحوامل بطاقات / Wallets & card holders,حامل كروت شخصية جلد ومعدن,Business card holder (leather & metal),,,N-P082-1-3,كحلي / Navy,لا يوجد رقم موديل مطبوع في الكتالوج
2,82,محافظ وحوامل بطاقات / Wallets & card holders,حامل كروت شخصية جلد ومعدن,Business card holder (leather & metal),,,N-P082-1-4,أخضر / Green,لا يوجد رقم موديل مطبوع في الكتالوج
2,83,محافظ وحوامل بطاقات / Wallets & card holders,حامل كروت شخصية جلد بغطاء معدني,"Business card holder (leather, metallic shell)",,,N-P083-1-1,أسود / Black,لا يوجد رقم موديل مطبوع في الكتالوج
2,83,محافظ وحوامل بطاقات / Wallets & card holders,حامل كروت شخصية جلد بغطاء معدني,"Business card holder (leather, metallic shell)",,,N-P083-1-2,رمادي / Gray,لا يوجد رقم موديل مطبوع في الكتالوج
2,83,محافظ وحوامل بطاقات / Wallets & card holders,حامل كروت شخصية جلد بغطاء معدني,"Business card holder (leather, metallic shell)",,,N-P083-1-3,أبيض / White,لا يوجد رقم موديل مطبوع في الكتالوج
2,83,محافظ وحوامل بطاقات / Wallets & card holders,حامل كروت شخصية جلد بغطاء معدني,"Business card holder (leather, metallic shell)",,,N-P083-1-4,كحلي / Navy,لا يوجد رقم موديل مطبوع في الكتالوج
2,85,معطرات وفواحات / Fragrance & diffusers,فواحة أعواد (ريد ديفيوزر),Reed diffuser,100 مل - صلاحية 3 سنوات - زجاجة سوداء بغطاء ذهبي,,N-P085-1,أسود / Black,لا يوجد رقم موديل مطبوع في الكتالوج
2,86,معطرات وفواحات / Fragrance & diffusers,معطر سيارة,Car air freshener,4.5×2.5 سم,,N-P086-1-1,بنفسجي / Purple,لا يوجد رقم موديل مطبوع في الكتالوج
2,86,معطرات وفواحات / Fragrance & diffusers,معطر سيارة,Car air freshener,4.5×2.5 سم,,N-P086-1-2,أزرق / Blue,لا يوجد رقم موديل مطبوع في الكتالوج
2,86,معطرات وفواحات / Fragrance & diffusers,معطر سيارة,Car air freshener,4.5×2.5 سم,,N-P086-1-3,أخضر / Green,لا يوجد رقم موديل مطبوع في الكتالوج
2,87,معطرات وفواحات / Fragrance & diffusers,مبخرة كهربائية معدن,Electric incense burner (metal),كابل USB، حقيبة حفظ وملحقات - للاستخدام المنزلي,,N-P087-1-1,أسود / Black,لا يوجد رقم موديل مطبوع في الكتالوج | الصفحتان 87-88
2,87,معطرات وفواحات / Fragrance & diffusers,مبخرة كهربائية معدن,Electric incense burner (metal),كابل USB، حقيبة حفظ وملحقات - للاستخدام المنزلي,,N-P087-1-2,أخضر / Green,لا يوجد رقم موديل مطبوع في الكتالوج | الصفحتان 87-88
2,89,معطرات وفواحات / Fragrance & diffusers,فواحة سيارة (مرطب),Vehicle humidifier / diffuser,تعمل بقطرات الزيت العطري,,N-P089-1-1,أسود / Black,لا يوجد رقم موديل مطبوع في الكتالوج
2,89,معطرات وفواحات / Fragrance & diffusers,فواحة سيارة (مرطب),Vehicle humidifier / diffuser,تعمل بقطرات الزيت العطري,,N-P089-1-2,فضي / Silver,لا يوجد رقم موديل مطبوع في الكتالوج
2,91,إلكترونيات وشواحن / Electronics & chargers,باور بانك مغناطيسي MagSafe لاسلكي 10000mAh,MagSafe magnetic wireless power bank 10000mAh,شحن سريع QC 22.5W و PD 20W - ستاند قابل للطي - بطارية ليثيوم بوليمر,,N-P091-1-1,كحلي / Navy,لا يوجد رقم موديل مطبوع في الكتالوج
2,91,إلكترونيات وشواحن / Electronics & chargers,باور بانك مغناطيسي MagSafe لاسلكي 10000mAh,MagSafe magnetic wireless power bank 10000mAh,شحن سريع QC 22.5W و PD 20W - ستاند قابل للطي - بطارية ليثيوم بوليمر,,N-P091-1-2,أسود / Black,لا يوجد رقم موديل مطبوع في الكتالوج
2,92,إلكترونيات وشواحن / Electronics & chargers,باور بانك مغناطيسي بستاند قابل للطي,Foldable magnetic charging stand / power bank,شحن لاسلكي MagSafe - يستخدم كستاند أثناء الشحن,,N-P092-1-1,أسود / Black,لا يوجد رقم موديل مطبوع في الكتالوج
2,92,إلكترونيات وشواحن / Electronics & chargers,باور بانك مغناطيسي بستاند قابل للطي,Foldable magnetic charging stand / power bank,شحن لاسلكي MagSafe - يستخدم كستاند أثناء الشحن,,N-P092-1-2,أبيض / White,لا يوجد رقم موديل مطبوع في الكتالوج
2,92,إلكترونيات وشواحن / Electronics & chargers,باور بانك مغناطيسي بستاند قابل للطي,Foldable magnetic charging stand / power bank,شحن لاسلكي MagSafe - يستخدم كستاند أثناء الشحن,,N-P092-1-3,كحلي / Navy,لا يوجد رقم موديل مطبوع في الكتالوج
2,93,إلكترونيات وشواحن / Electronics & chargers,باور بانك لاسلكي 10000mAh بشاشة رقمية,Wireless power bank 10000mAh with digital display,138×71×16 مم - مخرجين USB - Type-C - شاحن لاسلكي,,N-P093-1-1,كحلي / Navy,لا يوجد رقم موديل مطبوع في الكتالوج
2,93,إلكترونيات وشواحن / Electronics & chargers,باور بانك لاسلكي 10000mAh بشاشة رقمية,Wireless power bank 10000mAh with digital display,138×71×16 مم - مخرجين USB - Type-C - شاحن لاسلكي,,N-P093-1-2,أبيض / White,لا يوجد رقم موديل مطبوع في الكتالوج
2,93,إلكترونيات وشواحن / Electronics & chargers,باور بانك لاسلكي 10000mAh بشاشة رقمية,Wireless power bank 10000mAh with digital display,138×71×16 مم - مخرجين USB - Type-C - شاحن لاسلكي,,N-P093-1-3,أسود / Black,لا يوجد رقم موديل مطبوع في الكتالوج
2,94,إلكترونيات وشواحن / Electronics & chargers,باور بانك MagSafe لاسلكي,MagSafe wireless power bank,متوافق مع جميع الهواتف الذكية والأجهزة اللوحية,,N-P094-1-1,أسود / Black,لا يوجد رقم موديل مطبوع في الكتالوج
2,94,إلكترونيات وشواحن / Electronics & chargers,باور بانك MagSafe لاسلكي,MagSafe wireless power bank,متوافق مع جميع الهواتف الذكية والأجهزة اللوحية,,N-P094-1-2,أبيض / White,لا يوجد رقم موديل مطبوع في الكتالوج
2,94,إلكترونيات وشواحن / Electronics & chargers,باور بانك MagSafe لاسلكي,MagSafe wireless power bank,متوافق مع جميع الهواتف الذكية والأجهزة اللوحية,,N-P094-1-3,رمادي / Gray,لا يوجد رقم موديل مطبوع في الكتالوج
2,94,إلكترونيات وشواحن / Electronics & chargers,باور بانك MagSafe لاسلكي,MagSafe wireless power bank,متوافق مع جميع الهواتف الذكية والأجهزة اللوحية,,N-P094-1-4,أخضر / Green,لا يوجد رقم موديل مطبوع في الكتالوج
2,94,إلكترونيات وشواحن / Electronics & chargers,باور بانك MagSafe لاسلكي,MagSafe wireless power bank,متوافق مع جميع الهواتف الذكية والأجهزة اللوحية,,N-P094-1-5,كحلي / Navy,لا يوجد رقم موديل مطبوع في الكتالوج
2,94,إلكترونيات وشواحن / Electronics & chargers,باور بانك MagSafe لاسلكي,MagSafe wireless power bank,متوافق مع جميع الهواتف الذكية والأجهزة اللوحية,,N-P094-1-6,أزرق / Blue,لا يوجد رقم موديل مطبوع في الكتالوج
2,95,إلكترونيات وشواحن / Electronics & chargers,شاحن لاسلكي وباور بانك فلين,Wireless charger & power bank (cork),10000mAh / 37Wh - مدخل Type-C 5V 2A - مخرج USB 5V 2.1A - لاسلكي 5W,NP207,N-P095-1,فلين / Cork,رقم الموديل مطبوع: Model No: P207 - لون واحد فقط
2,96,إلكترونيات وشواحن / Electronics & chargers,باور بانك 8000mAh,Power bank 8000mAh (mobile power station),37Wh - Type-C / Micro - مخرجين USB 5V/2A - بلاستيك مطفي مقاوم للبصمات,,N-P096-1-1,أسود / Black,لا يوجد رقم موديل مطبوع في الكتالوج | الصفحتان 96-97
2,96,إلكترونيات وشواحن / Electronics & chargers,باور بانك 8000mAh,Power bank 8000mAh (mobile power station),37Wh - Type-C / Micro - مخرجين USB 5V/2A - بلاستيك مطفي مقاوم للبصمات,,N-P096-1-2,رمادي / Gray,لا يوجد رقم موديل مطبوع في الكتالوج | الصفحتان 96-97
2,96,إلكترونيات وشواحن / Electronics & chargers,باور بانك 8000mAh,Power bank 8000mAh (mobile power station),37Wh - Type-C / Micro - مخرجين USB 5V/2A - بلاستيك مطفي مقاوم للبصمات,,N-P096-1-3,أبيض / White,لا يوجد رقم موديل مطبوع في الكتالوج | الصفحتان 96-97
2,96,إلكترونيات وشواحن / Electronics & chargers,باور بانك 8000mAh,Power bank 8000mAh (mobile power station),37Wh - Type-C / Micro - مخرجين USB 5V/2A - بلاستيك مطفي مقاوم للبصمات,,N-P096-1-4,كحلي / Navy,لا يوجد رقم موديل مطبوع في الكتالوج | الصفحتان 96-97
2,96,إلكترونيات وشواحن / Electronics & chargers,باور بانك 8000mAh,Power bank 8000mAh (mobile power station),37Wh - Type-C / Micro - مخرجين USB 5V/2A - بلاستيك مطفي مقاوم للبصمات,,N-P096-1-5,أخضر / Green,لا يوجد رقم موديل مطبوع في الكتالوج | الصفحتان 96-97
2,98,إلكترونيات وشواحن / Electronics & chargers,ستاند شحن مغناطيسي قابل للطي 3 في 1,3-in-1 folding magnetic wireless charging stand,MagSafe 15W - دوران 360° - للجوال والساعة والسماعات,NF-191,N-P098-1-1,أبيض / White,رقم الموديل مطبوع: Product model: F-191 (الصفحتان 98-99)
2,98,إلكترونيات وشواحن / Electronics & chargers,ستاند شحن مغناطيسي قابل للطي 3 في 1,3-in-1 folding magnetic wireless charging stand,MagSafe 15W - دوران 360° - للجوال والساعة والسماعات,NF-191,N-P098-1-2,أسود / Black,رقم الموديل مطبوع: Product model: F-191 (الصفحتان 98-99)
2,100,إلكترونيات وشواحن / Electronics & chargers,شاحن متعدد 3 في 1 قابل للطي,Multi charger 3-in-1 (foldable),للجوال والساعة والسماعات - قاعدة مثلثة قابلة للطي,,N-P100-1-1,أسود / Black,لا يوجد رقم موديل مطبوع في الكتالوج | الصفحتان 100-101
2,100,إلكترونيات وشواحن / Electronics & chargers,شاحن متعدد 3 في 1 قابل للطي,Multi charger 3-in-1 (foldable),للجوال والساعة والسماعات - قاعدة مثلثة قابلة للطي,,N-P100-1-2,رمادي / Gray,لا يوجد رقم موديل مطبوع في الكتالوج | الصفحتان 100-101
2,100,إلكترونيات وشواحن / Electronics & chargers,شاحن متعدد 3 في 1 قابل للطي,Multi charger 3-in-1 (foldable),للجوال والساعة والسماعات - قاعدة مثلثة قابلة للطي,,N-P100-1-3,أبيض / White,لا يوجد رقم موديل مطبوع في الكتالوج | الصفحتان 100-101
2,100,إلكترونيات وشواحن / Electronics & chargers,شاحن متعدد 3 في 1 قابل للطي,Multi charger 3-in-1 (foldable),للجوال والساعة والسماعات - قاعدة مثلثة قابلة للطي,,N-P100-1-4,كحلي / Navy,لا يوجد رقم موديل مطبوع في الكتالوج | الصفحتان 100-101
2,102,إلكترونيات وشواحن / Electronics & chargers,ستاند شحن لاسلكي 3 في 1 متعدد الوظائف,Multi-functional 3-in-1 foldable wireless charging stand,وضع ستاند أو وضع مسطح - قابل للطي,,N-P102-1-1,أسود / Black,لا يوجد رقم موديل مطبوع في الكتالوج | الصفحتان 102-103
2,102,إلكترونيات وشواحن / Electronics & chargers,ستاند شحن لاسلكي 3 في 1 متعدد الوظائف,Multi-functional 3-in-1 foldable wireless charging stand,وضع ستاند أو وضع مسطح - قابل للطي,,N-P102-1-2,أبيض / White,لا يوجد رقم موديل مطبوع في الكتالوج | الصفحتان 102-103
2,104,إلكترونيات وشواحن / Electronics & chargers,شاحن سيارة مغناطيسي لاسلكي,Magnetic wireless car charger,15W شحن سريع - 9.4×6.4 سم,,N-P104-1-1,أسود / Black,لا يوجد رقم موديل مطبوع في الكتالوج
2,104,إلكترونيات وشواحن / Electronics & chargers,شاحن سيارة مغناطيسي لاسلكي,Magnetic wireless car charger,15W شحن سريع - 9.4×6.4 سم,,N-P104-1-2,أبيض / White,لا يوجد رقم موديل مطبوع في الكتالوج
2,105,إلكترونيات وشواحن / Electronics & chargers,ستاند شاحن لاسلكي فلين,Cork wireless charger stand,قابل للطي - 5W - 8.5×14.4 سم - كابل Micro USB 30 سم,,N-P105-1,فلين / Cork,لا يوجد رقم موديل مطبوع في الكتالوج
2,106,إلكترونيات وشواحن / Electronics & chargers,ماوس باد بشاحن لاسلكي,Mouse pad with wireless charger,فلين - مدخل DC9V/2A - شحن لاسلكي 15W,,N-P106-1,فلين / Cork,لا يوجد رقم موديل مطبوع في الكتالوج
2,107,إلكترونيات وشواحن / Electronics & chargers,حامل أقلام بشاحن لاسلكي (قش القمح),Wheat straw wireless charger & pen holder,15W - قاعدة بامبو - معاد تدويره من قش الأرز/القمح,,N-P107-1,خشبي طبيعي / Natural wood,لا يوجد رقم موديل مطبوع في الكتالوج
2,108,إلكترونيات وشواحن / Electronics & chargers,منظم مكتب بشاحن لاسلكي,Wireless charging pencil case / organizer,15W - مخارج USB و Type-C - حامل أقلام,,N-P108-1-1,أسود / Black,لا يوجد رقم موديل مطبوع في الكتالوج
2,108,إلكترونيات وشواحن / Electronics & chargers,منظم مكتب بشاحن لاسلكي,Wireless charging pencil case / organizer,15W - مخارج USB و Type-C - حامل أقلام,,N-P108-1-2,أبيض / White,لا يوجد رقم موديل مطبوع في الكتالوج
2,108,إلكترونيات وشواحن / Electronics & chargers,منظم مكتب بشاحن لاسلكي,Wireless charging pencil case / organizer,15W - مخارج USB و Type-C - حامل أقلام,,N-P108-1-3,كحلي / Navy,لا يوجد رقم موديل مطبوع في الكتالوج
2,109,إلكترونيات وشواحن / Electronics & chargers,حامل أقلام ذكي بشاحن لاسلكي,Smart pen case with wireless charger,,,N-P109-1-1,أبيض / White,لا يوجد رقم موديل مطبوع في الكتالوج
2,109,إلكترونيات وشواحن / Electronics & chargers,حامل أقلام ذكي بشاحن لاسلكي,Smart pen case with wireless charger,,,N-P109-1-2,أسود / Black,لا يوجد رقم موديل مطبوع في الكتالوج
2,110,إلكترونيات وشواحن / Electronics & chargers,محوّل سفر عالمي,Universal travel adapter,أكثر من 150 دولة - مقابس UK / US / EU / AUS,,N-P110-1-1,أسود / Black,لا يوجد رقم موديل مطبوع في الكتالوج
2,110,إلكترونيات وشواحن / Electronics & chargers,محوّل سفر عالمي,Universal travel adapter,أكثر من 150 دولة - مقابس UK / US / EU / AUS,,N-P110-1-2,أبيض / White,لا يوجد رقم موديل مطبوع في الكتالوج
2,111,إلكترونيات وشواحن / Electronics & chargers,طقم كابلات بيانات,Data cable set,علبة دائرية 8 سم - Type-C/Lightning/Micro/USB - تتحول إلى ستاند جوال,,N-P111-1-1,أسود / Black,لا يوجد رقم موديل مطبوع في الكتالوج | الصفحتان 111-112
2,111,إلكترونيات وشواحن / Electronics & chargers,طقم كابلات بيانات,Data cable set,علبة دائرية 8 سم - Type-C/Lightning/Micro/USB - تتحول إلى ستاند جوال,,N-P111-1-2,رمادي / Gray,لا يوجد رقم موديل مطبوع في الكتالوج | الصفحتان 111-112
2,111,إلكترونيات وشواحن / Electronics & chargers,طقم كابلات بيانات,Data cable set,علبة دائرية 8 سم - Type-C/Lightning/Micro/USB - تتحول إلى ستاند جوال,,N-P111-1-3,أبيض / White,لا يوجد رقم موديل مطبوع في الكتالوج | الصفحتان 111-112
2,111,إلكترونيات وشواحن / Electronics & chargers,طقم كابلات بيانات,Data cable set,علبة دائرية 8 سم - Type-C/Lightning/Micro/USB - تتحول إلى ستاند جوال,,N-P111-1-4,كحلي / Navy,لا يوجد رقم موديل مطبوع في الكتالوج | الصفحتان 111-112
2,113,إلكترونيات وشواحن / Electronics & chargers,فلاش ميموري Type-C + USB دوّار,Flash memory Type-C + USB 3.0 (360° rotation),منفذين: USB-A و Type-C,,N-P113-1,فضي / Silver,لا يوجد رقم موديل مطبوع في الكتالوج
2,114,إلكترونيات وشواحن / Electronics & chargers,فلاش USB بشعار مضيء,Illuminated logo USB flash drive,USB-C أو USB-A - الشعار يضيء عند التوصيل,,N-P114-1,أسود / Black,لا يوجد رقم موديل مطبوع في الكتالوج
2,115,إلكترونيات وشواحن / Electronics & chargers,فلاشات USB معدنية,Metal USB flash drives,معدن مقاوم للخدش - أشكال متنوعة - تعليق بالميدالية | أشكال متنوعة,,N-P115-1,فضي / Silver,لا يوجد رقم موديل مطبوع في الكتالوج
2,116,إلكترونيات وشواحن / Electronics & chargers,فلاش USB صديق للبيئة 16GB,Eco flash drive 16GB (wheat straw),USB 2.0 - قش القمح والبولي بروبيلين,,N-P116-1,خشبي طبيعي / Natural wood,لا يوجد رقم موديل مطبوع في الكتالوج
2,118,زمزميات وأكواب / Drinkware,مج قهوة حراري 260 مل,Vacuum coffee mug 260 ml,13×8 سم - غطاء مانع للتسريب,,N-P118-1-1,أسود / Black,لا يوجد رقم موديل مطبوع في الكتالوج | الصفحتان 118-119
2,118,زمزميات وأكواب / Drinkware,مج قهوة حراري 260 مل,Vacuum coffee mug 260 ml,13×8 سم - غطاء مانع للتسريب,,N-P118-1-2,بيج / Beige,لا يوجد رقم موديل مطبوع في الكتالوج | الصفحتان 118-119
2,118,زمزميات وأكواب / Drinkware,مج قهوة حراري 260 مل,Vacuum coffee mug 260 ml,13×8 سم - غطاء مانع للتسريب,,N-P118-1-3,كحلي / Navy,لا يوجد رقم موديل مطبوع في الكتالوج | الصفحتان 118-119
2,118,زمزميات وأكواب / Drinkware,مج قهوة حراري 260 مل,Vacuum coffee mug 260 ml,13×8 سم - غطاء مانع للتسريب,,N-P118-1-4,أخضر / Green,لا يوجد رقم موديل مطبوع في الكتالوج | الصفحتان 118-119
2,120,زمزميات وأكواب / Drinkware,مج قهوة حراري صغير بقاعدة فلين 180 مل,RCS recycled-steel cork vacuum coffee mug 180 ml,ستيل معاد تدويره (RCS) - قاعدة فلين,,N-P120-1-1,كحلي / Navy,لا يوجد رقم موديل مطبوع في الكتالوج
2,120,زمزميات وأكواب / Drinkware,مج قهوة حراري صغير بقاعدة فلين 180 مل,RCS recycled-steel cork vacuum coffee mug 180 ml,ستيل معاد تدويره (RCS) - قاعدة فلين,,N-P120-1-2,أبيض / White,لا يوجد رقم موديل مطبوع في الكتالوج
2,120,زمزميات وأكواب / Drinkware,مج قهوة حراري صغير بقاعدة فلين 180 مل,RCS recycled-steel cork vacuum coffee mug 180 ml,ستيل معاد تدويره (RCS) - قاعدة فلين,,N-P120-1-3,فضي / Silver,لا يوجد رقم موديل مطبوع في الكتالوج
2,120,زمزميات وأكواب / Drinkware,مج قهوة حراري صغير بقاعدة فلين 180 مل,RCS recycled-steel cork vacuum coffee mug 180 ml,ستيل معاد تدويره (RCS) - قاعدة فلين,,N-P120-1-4,أسود / Black,لا يوجد رقم موديل مطبوع في الكتالوج
2,121,زمزميات وأكواب / Drinkware,كوب قهوة 350 مل,Coffee mug 350 ml,ستيل مقاوم للصدأ - غطاء محكم مع فتحة للشرب أو للمصاصة,,N-P121-1-1,أسود / Black,لا يوجد رقم موديل مطبوع في الكتالوج
2,121,زمزميات وأكواب / Drinkware,كوب قهوة 350 مل,Coffee mug 350 ml,ستيل مقاوم للصدأ - غطاء محكم مع فتحة للشرب أو للمصاصة,,N-P121-1-2,رمادي / Gray,لا يوجد رقم موديل مطبوع في الكتالوج
2,121,زمزميات وأكواب / Drinkware,كوب قهوة 350 مل,Coffee mug 350 ml,ستيل مقاوم للصدأ - غطاء محكم مع فتحة للشرب أو للمصاصة,,N-P121-1-3,أبيض / White,لا يوجد رقم موديل مطبوع في الكتالوج
2,121,زمزميات وأكواب / Drinkware,كوب قهوة 350 مل,Coffee mug 350 ml,ستيل مقاوم للصدأ - غطاء محكم مع فتحة للشرب أو للمصاصة,,N-P121-1-4,كحلي / Navy,لا يوجد رقم موديل مطبوع في الكتالوج
2,121,زمزميات وأكواب / Drinkware,كوب قهوة 350 مل,Coffee mug 350 ml,ستيل مقاوم للصدأ - غطاء محكم مع فتحة للشرب أو للمصاصة,,N-P121-1-5,وردي / Pink,لا يوجد رقم موديل مطبوع في الكتالوج
2,122,زمزميات وأكواب / Drinkware,زمزمية 500 مل بستاند جوال MagSafe,Water bottle 500 ml with MagSafe phone stand,حرارة / برودة 12 ساعة - SS304 داخلي / SS201 خارجي,,N-P122-1-1,أسود / Black,لا يوجد رقم موديل مطبوع في الكتالوج | الصفحتان 122-123
2,122,زمزميات وأكواب / Drinkware,زمزمية 500 مل بستاند جوال MagSafe,Water bottle 500 ml with MagSafe phone stand,حرارة / برودة 12 ساعة - SS304 داخلي / SS201 خارجي,,N-P122-1-2,رمادي / Gray,لا يوجد رقم موديل مطبوع في الكتالوج | الصفحتان 122-123
2,122,زمزميات وأكواب / Drinkware,زمزمية 500 مل بستاند جوال MagSafe,Water bottle 500 ml with MagSafe phone stand,حرارة / برودة 12 ساعة - SS304 داخلي / SS201 خارجي,,N-P122-1-3,أبيض / White,لا يوجد رقم موديل مطبوع في الكتالوج | الصفحتان 122-123
2,122,زمزميات وأكواب / Drinkware,زمزمية 500 مل بستاند جوال MagSafe,Water bottle 500 ml with MagSafe phone stand,حرارة / برودة 12 ساعة - SS304 داخلي / SS201 خارجي,,N-P122-1-4,كحلي / Navy,لا يوجد رقم موديل مطبوع في الكتالوج | الصفحتان 122-123
2,124,زمزميات وأكواب / Drinkware,زمزمية ماء معزولة,Insulated water bottle,جدار مزدوج - غطاء مانع للتسريب,,N-P124-1-1,أسود / Black,لا يوجد رقم موديل مطبوع في الكتالوج
2,124,زمزميات وأكواب / Drinkware,زمزمية ماء معزولة,Insulated water bottle,جدار مزدوج - غطاء مانع للتسريب,,N-P124-1-2,رمادي / Gray,لا يوجد رقم موديل مطبوع في الكتالوج
2,124,زمزميات وأكواب / Drinkware,زمزمية ماء معزولة,Insulated water bottle,جدار مزدوج - غطاء مانع للتسريب,,N-P124-1-3,أبيض / White,لا يوجد رقم موديل مطبوع في الكتالوج
2,124,زمزميات وأكواب / Drinkware,زمزمية ماء معزولة,Insulated water bottle,جدار مزدوج - غطاء مانع للتسريب,,N-P124-1-4,كحلي / Navy,لا يوجد رقم موديل مطبوع في الكتالوج
2,124,زمزميات وأكواب / Drinkware,زمزمية ماء معزولة,Insulated water bottle,جدار مزدوج - غطاء مانع للتسريب,,N-P124-1-5,أخضر / Green,لا يوجد رقم موديل مطبوع في الكتالوج
2,124,زمزميات وأكواب / Drinkware,زمزمية ماء معزولة,Insulated water bottle,جدار مزدوج - غطاء مانع للتسريب,,N-P124-1-6,بنفسجي / Purple,لا يوجد رقم موديل مطبوع في الكتالوج
2,125,زمزميات وأكواب / Drinkware,زمزمية ذكية بشاشة حرارة,Smart thermos (LED temperature display),شاشة لمس LED - مصفاة شاي ستيل 304,,N-P125-1-1,أسود / Black,لا يوجد رقم موديل مطبوع في الكتالوج | الصفحتان 125-126
2,125,زمزميات وأكواب / Drinkware,زمزمية ذكية بشاشة حرارة,Smart thermos (LED temperature display),شاشة لمس LED - مصفاة شاي ستيل 304,,N-P125-1-2,رمادي / Gray,لا يوجد رقم موديل مطبوع في الكتالوج | الصفحتان 125-126
2,125,زمزميات وأكواب / Drinkware,زمزمية ذكية بشاشة حرارة,Smart thermos (LED temperature display),شاشة لمس LED - مصفاة شاي ستيل 304,,N-P125-1-3,أبيض / White,لا يوجد رقم موديل مطبوع في الكتالوج | الصفحتان 125-126
2,125,زمزميات وأكواب / Drinkware,زمزمية ذكية بشاشة حرارة,Smart thermos (LED temperature display),شاشة لمس LED - مصفاة شاي ستيل 304,,N-P125-1-4,أخضر / Green,لا يوجد رقم موديل مطبوع في الكتالوج | الصفحتان 125-126
2,125,زمزميات وأكواب / Drinkware,زمزمية ذكية بشاشة حرارة,Smart thermos (LED temperature display),شاشة لمس LED - مصفاة شاي ستيل 304,,N-P125-1-5,وردي / Pink,لا يوجد رقم موديل مطبوع في الكتالوج | الصفحتان 125-126
2,125,زمزميات وأكواب / Drinkware,زمزمية ذكية بشاشة حرارة,Smart thermos (LED temperature display),شاشة لمس LED - مصفاة شاي ستيل 304,,N-P125-1-6,بنفسجي / Purple,لا يوجد رقم موديل مطبوع في الكتالوج | الصفحتان 125-126
2,125,زمزميات وأكواب / Drinkware,زمزمية ذكية بشاشة حرارة,Smart thermos (LED temperature display),شاشة لمس LED - مصفاة شاي ستيل 304,,N-P125-1-7,كحلي / Navy,لا يوجد رقم موديل مطبوع في الكتالوج | الصفحتان 125-126
2,125,زمزميات وأكواب / Drinkware,زمزمية ذكية بشاشة حرارة,Smart thermos (LED temperature display),شاشة لمس LED - مصفاة شاي ستيل 304,,N-P125-1-8,عنابي / Maroon,لا يوجد رقم موديل مطبوع في الكتالوج | الصفحتان 125-126
2,127,زمزميات وأكواب / Drinkware,زمزمية ذكية 200 مل,Smart thermos 200 ml,حرارة 12 ساعة / برودة 24 ساعة - مصفاة,,N-P127-1-1,أسود / Black,لا يوجد رقم موديل مطبوع في الكتالوج
2,127,زمزميات وأكواب / Drinkware,زمزمية ذكية 200 مل,Smart thermos 200 ml,حرارة 12 ساعة / برودة 24 ساعة - مصفاة,,N-P127-1-2,رمادي / Gray,لا يوجد رقم موديل مطبوع في الكتالوج
2,127,زمزميات وأكواب / Drinkware,زمزمية ذكية 200 مل,Smart thermos 200 ml,حرارة 12 ساعة / برودة 24 ساعة - مصفاة,,N-P127-1-3,أبيض / White,لا يوجد رقم موديل مطبوع في الكتالوج
2,127,زمزميات وأكواب / Drinkware,زمزمية ذكية 200 مل,Smart thermos 200 ml,حرارة 12 ساعة / برودة 24 ساعة - مصفاة,,N-P127-1-4,أخضر / Green,لا يوجد رقم موديل مطبوع في الكتالوج
2,127,زمزميات وأكواب / Drinkware,زمزمية ذكية 200 مل,Smart thermos 200 ml,حرارة 12 ساعة / برودة 24 ساعة - مصفاة,,N-P127-1-5,وردي / Pink,لا يوجد رقم موديل مطبوع في الكتالوج
2,127,زمزميات وأكواب / Drinkware,زمزمية ذكية 200 مل,Smart thermos 200 ml,حرارة 12 ساعة / برودة 24 ساعة - مصفاة,,N-P127-1-6,كحلي / Navy,لا يوجد رقم موديل مطبوع في الكتالوج
2,127,زمزميات وأكواب / Drinkware,زمزمية ذكية 200 مل,Smart thermos 200 ml,حرارة 12 ساعة / برودة 24 ساعة - مصفاة,,N-P127-1-7,بنفسجي / Purple,لا يوجد رقم موديل مطبوع في الكتالوج
2,128,زمزميات وأكواب / Drinkware,زمزمية بامبو 500 مل,Bamboo thermos 500 ml,7×24 سم - غلاف بامبو - غطاء سيليكون - ستيل غذائي - شاشة حرارة,,N-P128-1,خشبي طبيعي / Natural wood,لا يوجد رقم موديل مطبوع في الكتالوج
2,129,زمزميات وأكواب / Drinkware,زمزمية سيليكون قابلة للطي,Collapsible water bottle,سيليكون غذائي - خالية من BPA - 13 سم مطوية / 24 سم مفتوحة,,N-P129-1-1,أسود / Black,لا يوجد رقم موديل مطبوع في الكتالوج
2,129,زمزميات وأكواب / Drinkware,زمزمية سيليكون قابلة للطي,Collapsible water bottle,سيليكون غذائي - خالية من BPA - 13 سم مطوية / 24 سم مفتوحة,,N-P129-1-2,رمادي / Gray,لا يوجد رقم موديل مطبوع في الكتالوج
2,129,زمزميات وأكواب / Drinkware,زمزمية سيليكون قابلة للطي,Collapsible water bottle,سيليكون غذائي - خالية من BPA - 13 سم مطوية / 24 سم مفتوحة,,N-P129-1-3,كحلي / Navy,لا يوجد رقم موديل مطبوع في الكتالوج
2,129,زمزميات وأكواب / Drinkware,زمزمية سيليكون قابلة للطي,Collapsible water bottle,سيليكون غذائي - خالية من BPA - 13 سم مطوية / 24 سم مفتوحة,,N-P129-1-4,أخضر / Green,لا يوجد رقم موديل مطبوع في الكتالوج
2,129,زمزميات وأكواب / Drinkware,زمزمية سيليكون قابلة للطي,Collapsible water bottle,سيليكون غذائي - خالية من BPA - 13 سم مطوية / 24 سم مفتوحة,,N-P129-1-5,تركوازي / Teal,لا يوجد رقم موديل مطبوع في الكتالوج
2,129,زمزميات وأكواب / Drinkware,زمزمية سيليكون قابلة للطي,Collapsible water bottle,سيليكون غذائي - خالية من BPA - 13 سم مطوية / 24 سم مفتوحة,,N-P129-1-6,وردي / Pink,لا يوجد رقم موديل مطبوع في الكتالوج
2,130,زمزميات وأكواب / Drinkware,زمزمية ماء بفلتر فواكه,Infuser water bottle,بلاستيك شفاف بفلتر داخلي للفواكه,,N-P130-1-1,أسود / Black,لا يوجد رقم موديل مطبوع في الكتالوج
2,130,زمزميات وأكواب / Drinkware,زمزمية ماء بفلتر فواكه,Infuser water bottle,بلاستيك شفاف بفلتر داخلي للفواكه,,N-P130-1-2,أبيض / White,لا يوجد رقم موديل مطبوع في الكتالوج
2,130,زمزميات وأكواب / Drinkware,زمزمية ماء بفلتر فواكه,Infuser water bottle,بلاستيك شفاف بفلتر داخلي للفواكه,,N-P130-1-3,أحمر / Red,لا يوجد رقم موديل مطبوع في الكتالوج
2,130,زمزميات وأكواب / Drinkware,زمزمية ماء بفلتر فواكه,Infuser water bottle,بلاستيك شفاف بفلتر داخلي للفواكه,,N-P130-1-4,أزرق / Blue,لا يوجد رقم موديل مطبوع في الكتالوج
2,131,زمزميات وأكواب / Drinkware,مج سيراميك بقاعدة فلين وغطاء,Cork base ceramic mug,بورسلين - غطاء مانع للرذاذ - قاعدة فلين - مقبض كبير,,N-P131-1-1,أسود / Black,لا يوجد رقم موديل مطبوع في الكتالوج
2,131,زمزميات وأكواب / Drinkware,مج سيراميك بقاعدة فلين وغطاء,Cork base ceramic mug,بورسلين - غطاء مانع للرذاذ - قاعدة فلين - مقبض كبير,,N-P131-1-2,رمادي / Gray,لا يوجد رقم موديل مطبوع في الكتالوج
2,131,زمزميات وأكواب / Drinkware,مج سيراميك بقاعدة فلين وغطاء,Cork base ceramic mug,بورسلين - غطاء مانع للرذاذ - قاعدة فلين - مقبض كبير,,N-P131-1-3,أبيض / White,لا يوجد رقم موديل مطبوع في الكتالوج
2,131,زمزميات وأكواب / Drinkware,مج سيراميك بقاعدة فلين وغطاء,Cork base ceramic mug,بورسلين - غطاء مانع للرذاذ - قاعدة فلين - مقبض كبير,,N-P131-1-4,أخضر / Green,لا يوجد رقم موديل مطبوع في الكتالوج
2,131,زمزميات وأكواب / Drinkware,مج سيراميك بقاعدة فلين وغطاء,Cork base ceramic mug,بورسلين - غطاء مانع للرذاذ - قاعدة فلين - مقبض كبير,,N-P131-1-5,كحلي / Navy,لا يوجد رقم موديل مطبوع في الكتالوج
2,131,زمزميات وأكواب / Drinkware,مج سيراميك بقاعدة فلين وغطاء,Cork base ceramic mug,بورسلين - غطاء مانع للرذاذ - قاعدة فلين - مقبض كبير,,N-P131-1-6,بنفسجي / Purple,لا يوجد رقم موديل مطبوع في الكتالوج
2,132,زمزميات وأكواب / Drinkware,طقم كوسترات فلين دائرية مع حامل,Round cork coaster set with stand,فلين طبيعي - عازل للحرارة - غير قابل للانزلاق,,N-P132-1,فلين / Cork,لا يوجد رقم موديل مطبوع في الكتالوج
2,133,زمزميات وأكواب / Drinkware,طقم كوسترات فلين مربعة مع حامل,Square cork coaster set with holder,4 قطع - 10×10 سم في الرسم (المواصفات تذكر 12×12 سم بسماكة 3),,N-P133-1,فلين / Cork,لا يوجد رقم موديل مطبوع في الكتالوج
2,134,هدايا دعائية / Promo items,أصيص زرع فلين,Cork flower pot,فلين طبيعي - يُقدَّم فارغًا للزراعة - علبة كرافت,,N-P134-1,فلين / Cork,لا يوجد رقم موديل مطبوع في الكتالوج
2,135,زمزميات وأكواب / Drinkware,علبة طعام صديقة للبيئة,Eco-friendly lunch box,غطاء بلمسة خشبية - أدوات طعام (ملعقة، شوكة، سكين) - رباط مطاطي,,N-P135-1,كريمي / Cream,لا يوجد رقم موديل مطبوع في الكتالوج | لون واحد فقط
2,137,دفاتر ونوت بوك / Notebooks,نوت بوك ذكي MagSafe,Smart notebook MagSafe,باور بانك 10000mAh / 38Wh - شحن لاسلكي MagSafe 10W - فلاش 32GB - شعار مضيء - كابلات مدمجة,,N-P137-1-1,أسود / Black,لا يوجد رقم موديل مطبوع في الكتالوج | الصفحات 137-139
2,137,دفاتر ونوت بوك / Notebooks,نوت بوك ذكي MagSafe,Smart notebook MagSafe,باور بانك 10000mAh / 38Wh - شحن لاسلكي MagSafe 10W - فلاش 32GB - شعار مضيء - كابلات مدمجة,,N-P137-1-2,رمادي / Gray,لا يوجد رقم موديل مطبوع في الكتالوج | الصفحات 137-139
2,137,دفاتر ونوت بوك / Notebooks,نوت بوك ذكي MagSafe,Smart notebook MagSafe,باور بانك 10000mAh / 38Wh - شحن لاسلكي MagSafe 10W - فلاش 32GB - شعار مضيء - كابلات مدمجة,,N-P137-1-3,أزرق / Blue,لا يوجد رقم موديل مطبوع في الكتالوج | الصفحات 137-139
2,140,دفاتر ونوت بوك / Notebooks,نوت بوك بشاحن لاسلكي وباور بانك وفلاش,Wireless charger notebook with power bank & USB flash,باور بانك 10000mAh / 38Wh - فلاش 16GB - شعار مضيء - أوراق قابلة للتبديل,,N-P140-1-1,أسود / Black,لا يوجد رقم موديل مطبوع في الكتالوج | الصفحات 140-143
2,140,دفاتر ونوت بوك / Notebooks,نوت بوك بشاحن لاسلكي وباور بانك وفلاش,Wireless charger notebook with power bank & USB flash,باور بانك 10000mAh / 38Wh - فلاش 16GB - شعار مضيء - أوراق قابلة للتبديل,,N-P140-1-2,رمادي / Gray,لا يوجد رقم موديل مطبوع في الكتالوج | الصفحات 140-143
2,140,دفاتر ونوت بوك / Notebooks,نوت بوك بشاحن لاسلكي وباور بانك وفلاش,Wireless charger notebook with power bank & USB flash,باور بانك 10000mAh / 38Wh - فلاش 16GB - شعار مضيء - أوراق قابلة للتبديل,,N-P140-1-3,أخضر / Green,لا يوجد رقم موديل مطبوع في الكتالوج | الصفحات 140-143
2,140,دفاتر ونوت بوك / Notebooks,نوت بوك بشاحن لاسلكي وباور بانك وفلاش,Wireless charger notebook with power bank & USB flash,باور بانك 10000mAh / 38Wh - فلاش 16GB - شعار مضيء - أوراق قابلة للتبديل,,N-P140-1-4,أزرق / Blue,لا يوجد رقم موديل مطبوع في الكتالوج | الصفحات 140-143
2,144,دفاتر ونوت بوك / Notebooks,منظم نوت بوك A5,Notebook organizer A5,جيوب للبطاقات - نافذة شفافة لبطاقة التعريف - إغلاق مغناطيسي,,N-P144-1-1,أسود / Black,لا يوجد رقم موديل مطبوع في الكتالوج | الصفحتان 144-145
2,144,دفاتر ونوت بوك / Notebooks,منظم نوت بوك A5,Notebook organizer A5,جيوب للبطاقات - نافذة شفافة لبطاقة التعريف - إغلاق مغناطيسي,,N-P144-1-2,رمادي / Gray,لا يوجد رقم موديل مطبوع في الكتالوج | الصفحتان 144-145
2,144,دفاتر ونوت بوك / Notebooks,منظم نوت بوك A5,Notebook organizer A5,جيوب للبطاقات - نافذة شفافة لبطاقة التعريف - إغلاق مغناطيسي,,N-P144-1-3,أبيض / White,لا يوجد رقم موديل مطبوع في الكتالوج | الصفحتان 144-145
2,144,دفاتر ونوت بوك / Notebooks,منظم نوت بوك A5,Notebook organizer A5,جيوب للبطاقات - نافذة شفافة لبطاقة التعريف - إغلاق مغناطيسي,,N-P144-1-4,أخضر / Green,لا يوجد رقم موديل مطبوع في الكتالوج | الصفحتان 144-145
2,144,دفاتر ونوت بوك / Notebooks,منظم نوت بوك A5,Notebook organizer A5,جيوب للبطاقات - نافذة شفافة لبطاقة التعريف - إغلاق مغناطيسي,,N-P144-1-5,بنفسجي / Purple,لا يوجد رقم موديل مطبوع في الكتالوج | الصفحتان 144-145
2,144,دفاتر ونوت بوك / Notebooks,منظم نوت بوك A5,Notebook organizer A5,جيوب للبطاقات - نافذة شفافة لبطاقة التعريف - إغلاق مغناطيسي,,N-P144-1-6,كحلي / Navy,لا يوجد رقم موديل مطبوع في الكتالوج | الصفحتان 144-145
2,146,دفاتر ونوت بوك / Notebooks,منظم نوت بوك A6,Notebook organizer A6,إغلاق مغناطيسي - حواف دائرية,,N-P146-1-1,أسود / Black,لا يوجد رقم موديل مطبوع في الكتالوج | مطبوع على الصفحة «PAGE 52» (الصفحة 146 في الملف)
2,146,دفاتر ونوت بوك / Notebooks,منظم نوت بوك A6,Notebook organizer A6,إغلاق مغناطيسي - حواف دائرية,,N-P146-1-2,رمادي / Gray,لا يوجد رقم موديل مطبوع في الكتالوج | مطبوع على الصفحة «PAGE 52» (الصفحة 146 في الملف)
2,146,دفاتر ونوت بوك / Notebooks,منظم نوت بوك A6,Notebook organizer A6,إغلاق مغناطيسي - حواف دائرية,,N-P146-1-3,أبيض / White,لا يوجد رقم موديل مطبوع في الكتالوج | مطبوع على الصفحة «PAGE 52» (الصفحة 146 في الملف)
2,146,دفاتر ونوت بوك / Notebooks,منظم نوت بوك A6,Notebook organizer A6,إغلاق مغناطيسي - حواف دائرية,,N-P146-1-4,كحلي / Navy,لا يوجد رقم موديل مطبوع في الكتالوج | مطبوع على الصفحة «PAGE 52» (الصفحة 146 في الملف)
2,146,دفاتر ونوت بوك / Notebooks,منظم نوت بوك A6,Notebook organizer A6,إغلاق مغناطيسي - حواف دائرية,,N-P146-1-5,أخضر رمادي / Sage,لا يوجد رقم موديل مطبوع في الكتالوج | مطبوع على الصفحة «PAGE 52» (الصفحة 146 في الملف)
2,147,دفاتر ونوت بوك / Notebooks,نوت بوك جيب A5 بخطوط بارزة,Pocket A5 notebook (textured cover),14.5×21 سم - غلاف علوي بخطوط عمودية,,N-P147-1-1,أسود / Black,لا يوجد رقم موديل مطبوع في الكتالوج | الصفحتان 147-148
2,147,دفاتر ونوت بوك / Notebooks,نوت بوك جيب A5 بخطوط بارزة,Pocket A5 notebook (textured cover),14.5×21 سم - غلاف علوي بخطوط عمودية,,N-P147-1-2,رمادي / Gray,لا يوجد رقم موديل مطبوع في الكتالوج | الصفحتان 147-148
2,147,دفاتر ونوت بوك / Notebooks,نوت بوك جيب A5 بخطوط بارزة,Pocket A5 notebook (textured cover),14.5×21 سم - غلاف علوي بخطوط عمودية,,N-P147-1-3,أبيض / White,لا يوجد رقم موديل مطبوع في الكتالوج | الصفحتان 147-148
2,147,دفاتر ونوت بوك / Notebooks,نوت بوك جيب A5 بخطوط بارزة,Pocket A5 notebook (textured cover),14.5×21 سم - غلاف علوي بخطوط عمودية,,N-P147-1-4,بنفسجي / Purple,لا يوجد رقم موديل مطبوع في الكتالوج | الصفحتان 147-148
2,147,دفاتر ونوت بوك / Notebooks,نوت بوك جيب A5 بخطوط بارزة,Pocket A5 notebook (textured cover),14.5×21 سم - غلاف علوي بخطوط عمودية,,N-P147-1-5,أخضر / Green,لا يوجد رقم موديل مطبوع في الكتالوج | الصفحتان 147-148
2,147,دفاتر ونوت بوك / Notebooks,نوت بوك جيب A5 بخطوط بارزة,Pocket A5 notebook (textured cover),14.5×21 سم - غلاف علوي بخطوط عمودية,,N-P147-1-6,أزرق / Blue,لا يوجد رقم موديل مطبوع في الكتالوج | الصفحتان 147-148
2,149,دفاتر ونوت بوك / Notebooks,نوت بوك مع حامل قلم,Notebook with pen holder,A5 (14×21 سم) - غلاف صلب - رباط مطاطي وشريط فاصل,,N-P149-1-1,أسود / Black,لا يوجد رقم موديل مطبوع في الكتالوج | الصفحتان 149-150
2,149,دفاتر ونوت بوك / Notebooks,نوت بوك مع حامل قلم,Notebook with pen holder,A5 (14×21 سم) - غلاف صلب - رباط مطاطي وشريط فاصل,,N-P149-1-2,رمادي / Gray,لا يوجد رقم موديل مطبوع في الكتالوج | الصفحتان 149-150
2,149,دفاتر ونوت بوك / Notebooks,نوت بوك مع حامل قلم,Notebook with pen holder,A5 (14×21 سم) - غلاف صلب - رباط مطاطي وشريط فاصل,,N-P149-1-3,أبيض / White,لا يوجد رقم موديل مطبوع في الكتالوج | الصفحتان 149-150
2,149,دفاتر ونوت بوك / Notebooks,نوت بوك مع حامل قلم,Notebook with pen holder,A5 (14×21 سم) - غلاف صلب - رباط مطاطي وشريط فاصل,,N-P149-1-4,بنفسجي / Purple,لا يوجد رقم موديل مطبوع في الكتالوج | الصفحتان 149-150
2,149,دفاتر ونوت بوك / Notebooks,نوت بوك مع حامل قلم,Notebook with pen holder,A5 (14×21 سم) - غلاف صلب - رباط مطاطي وشريط فاصل,,N-P149-1-5,أخضر / Green,لا يوجد رقم موديل مطبوع في الكتالوج | الصفحتان 149-150
2,149,دفاتر ونوت بوك / Notebooks,نوت بوك مع حامل قلم,Notebook with pen holder,A5 (14×21 سم) - غلاف صلب - رباط مطاطي وشريط فاصل,,N-P149-1-6,أصفر / Yellow,لا يوجد رقم موديل مطبوع في الكتالوج | الصفحتان 149-150
2,149,دفاتر ونوت بوك / Notebooks,نوت بوك مع حامل قلم,Notebook with pen holder,A5 (14×21 سم) - غلاف صلب - رباط مطاطي وشريط فاصل,,N-P149-1-7,أزرق / Blue,لا يوجد رقم موديل مطبوع في الكتالوج | الصفحتان 149-150
2,149,دفاتر ونوت بوك / Notebooks,نوت بوك مع حامل قلم,Notebook with pen holder,A5 (14×21 سم) - غلاف صلب - رباط مطاطي وشريط فاصل,,N-P149-1-8,فلين / Cork,لا يوجد رقم موديل مطبوع في الكتالوج | الصفحتان 149-150
2,151,دفاتر ونوت بوك / Notebooks,نوت بوك Curve,Curve notebook,غلاف ملمس جلد بزوايا دائرية - فاصل أحمر,,N-P151-1-1,أسود / Black,لا يوجد رقم موديل مطبوع في الكتالوج | الصفحتان 151-152
2,151,دفاتر ونوت بوك / Notebooks,نوت بوك Curve,Curve notebook,غلاف ملمس جلد بزوايا دائرية - فاصل أحمر,,N-P151-1-2,رمادي / Gray,لا يوجد رقم موديل مطبوع في الكتالوج | الصفحتان 151-152
2,151,دفاتر ونوت بوك / Notebooks,نوت بوك Curve,Curve notebook,غلاف ملمس جلد بزوايا دائرية - فاصل أحمر,,N-P151-1-3,أبيض / White,لا يوجد رقم موديل مطبوع في الكتالوج | الصفحتان 151-152
2,151,دفاتر ونوت بوك / Notebooks,نوت بوك Curve,Curve notebook,غلاف ملمس جلد بزوايا دائرية - فاصل أحمر,,N-P151-1-4,بنفسجي / Purple,لا يوجد رقم موديل مطبوع في الكتالوج | الصفحتان 151-152
2,151,دفاتر ونوت بوك / Notebooks,نوت بوك Curve,Curve notebook,غلاف ملمس جلد بزوايا دائرية - فاصل أحمر,,N-P151-1-5,أحمر / Red,لا يوجد رقم موديل مطبوع في الكتالوج | الصفحتان 151-152
2,151,دفاتر ونوت بوك / Notebooks,نوت بوك Curve,Curve notebook,غلاف ملمس جلد بزوايا دائرية - فاصل أحمر,,N-P151-1-6,أخضر / Green,لا يوجد رقم موديل مطبوع في الكتالوج | الصفحتان 151-152
2,151,دفاتر ونوت بوك / Notebooks,نوت بوك Curve,Curve notebook,غلاف ملمس جلد بزوايا دائرية - فاصل أحمر,,N-P151-1-7,كحلي / Navy,لا يوجد رقم موديل مطبوع في الكتالوج | الصفحتان 151-152
2,151,دفاتر ونوت بوك / Notebooks,نوت بوك Curve,Curve notebook,غلاف ملمس جلد بزوايا دائرية - فاصل أحمر,,N-P151-1-8,بني / Brown,لا يوجد رقم موديل مطبوع في الكتالوج | الصفحتان 151-152
2,151,دفاتر ونوت بوك / Notebooks,نوت بوك Curve,Curve notebook,غلاف ملمس جلد بزوايا دائرية - فاصل أحمر,,N-P151-1-9,وردي / Pink,لا يوجد رقم موديل مطبوع في الكتالوج | الصفحتان 151-152
2,151,دفاتر ونوت بوك / Notebooks,نوت بوك Curve,Curve notebook,غلاف ملمس جلد بزوايا دائرية - فاصل أحمر,,N-P151-1-10,سماوي / Sky blue,لا يوجد رقم موديل مطبوع في الكتالوج | الصفحتان 151-152
2,153,دفاتر ونوت بوك / Notebooks,نوت بوك صديق للبيئة بمسطرة,Eco-friendly notebook with ruler,قش الأرز المعاد تدويره - مسطرة كرتون 0-20 سم,,N-P153-1,كرافت / Kraft,لا يوجد رقم موديل مطبوع في الكتالوج
2,154,دفاتر ونوت بوك / Notebooks,نوت بوك صديق للبيئة بقاعدة فلين,Eco-friendly easel notebook (cork base),قاعدة مائلة - حامل قلم - قش الأرز,,N-P154-1,أبيض / White,لا يوجد رقم موديل مطبوع في الكتالوج
2,155,دفاتر ونوت بوك / Notebooks,منظم ستيكي نوت (فوليو),Sticky note folio organizer,غلاف صلب - ستيكي نوت وفواصل نيون - مفكرة,,N-P155-1-1,رمادي / Gray,لا يوجد رقم موديل مطبوع في الكتالوج
2,155,دفاتر ونوت بوك / Notebooks,منظم ستيكي نوت (فوليو),Sticky note folio organizer,غلاف صلب - ستيكي نوت وفواصل نيون - مفكرة,,N-P155-1-2,أزرق / Blue,لا يوجد رقم موديل مطبوع في الكتالوج
2,155,دفاتر ونوت بوك / Notebooks,منظم ستيكي نوت (فوليو),Sticky note folio organizer,غلاف صلب - ستيكي نوت وفواصل نيون - مفكرة,,N-P155-1-3,أخضر / Green,لا يوجد رقم موديل مطبوع في الكتالوج
2,155,دفاتر ونوت بوك / Notebooks,منظم ستيكي نوت (فوليو),Sticky note folio organizer,غلاف صلب - ستيكي نوت وفواصل نيون - مفكرة,,N-P155-1-4,فلين / Cork,لا يوجد رقم موديل مطبوع في الكتالوج
2,156,دفاتر ونوت بوك / Notebooks,طقم ستيكي نوت بعلبة جلد وتقويم,Sticky note set with leather box & calendar,فواصل ملونة لاصقة - تقويم 2024,,N-P156-1,أبيض / White,لا يوجد رقم موديل مطبوع في الكتالوج
2,157,دفاتر ونوت بوك / Notebooks,بوكس ستيكي نوت قابل للطي,Foldable sticky notes memo box,10×11.5×8.8 سم - 5 ألوان فواصل - 200 ورقة - مشابك وقلم,,N-P157-1-1,أخضر / Green,لا يوجد رقم موديل مطبوع في الكتالوج
2,157,دفاتر ونوت بوك / Notebooks,بوكس ستيكي نوت قابل للطي,Foldable sticky notes memo box,10×11.5×8.8 سم - 5 ألوان فواصل - 200 ورقة - مشابك وقلم,,N-P157-1-2,بيج / Beige,لا يوجد رقم موديل مطبوع في الكتالوج
2,157,دفاتر ونوت بوك / Notebooks,بوكس ستيكي نوت قابل للطي,Foldable sticky notes memo box,10×11.5×8.8 سم - 5 ألوان فواصل - 200 ورقة - مشابك وقلم,,N-P157-1-3,كحلي / Navy,لا يوجد رقم موديل مطبوع في الكتالوج
2,158,دفاتر ونوت بوك / Notebooks,ستيكي نوت مع نوت وقلم,Sticky notes with post notes & pen,جيبين داخليين - حامل قلم - شريطين فاصلين,,N-P158-1-1,أبيض / White,لا يوجد رقم موديل مطبوع في الكتالوج
2,158,دفاتر ونوت بوك / Notebooks,ستيكي نوت مع نوت وقلم,Sticky notes with post notes & pen,جيبين داخليين - حامل قلم - شريطين فاصلين,,N-P158-1-2,فلين / Cork,لا يوجد رقم موديل مطبوع في الكتالوج
2,158,دفاتر ونوت بوك / Notebooks,ستيكي نوت مع نوت وقلم,Sticky notes with post notes & pen,جيبين داخليين - حامل قلم - شريطين فاصلين,,N-P158-1-3,أزرق / Blue,لا يوجد رقم موديل مطبوع في الكتالوج
2,158,دفاتر ونوت بوك / Notebooks,ستيكي نوت مع نوت وقلم,Sticky notes with post notes & pen,جيبين داخليين - حامل قلم - شريطين فاصلين,,N-P158-1-4,بنفسجي / Purple,لا يوجد رقم موديل مطبوع في الكتالوج
2,159,دفاتر ونوت بوك / Notebooks,دفتر ستيكي نوت,Sticky notebook,10.5×15.5×2.3 سم - قلم كرتون معاد تدويره - 70 ورقة - 25 ستيكي 7.5×7.5 - 125 ستيكي صغير,,N-P159-1-1,رمادي / Gray,لا يوجد رقم موديل مطبوع في الكتالوج
2,159,دفاتر ونوت بوك / Notebooks,دفتر ستيكي نوت,Sticky notebook,10.5×15.5×2.3 سم - قلم كرتون معاد تدويره - 70 ورقة - 25 ستيكي 7.5×7.5 - 125 ستيكي صغير,,N-P159-1-2,أزرق / Blue,لا يوجد رقم موديل مطبوع في الكتالوج
2,159,دفاتر ونوت بوك / Notebooks,دفتر ستيكي نوت,Sticky notebook,10.5×15.5×2.3 سم - قلم كرتون معاد تدويره - 70 ورقة - 25 ستيكي 7.5×7.5 - 125 ستيكي صغير,,N-P159-1-3,أخضر / Green,لا يوجد رقم موديل مطبوع في الكتالوج
2,159,دفاتر ونوت بوك / Notebooks,دفتر ستيكي نوت,Sticky notebook,10.5×15.5×2.3 سم - قلم كرتون معاد تدويره - 70 ورقة - 25 ستيكي 7.5×7.5 - 125 ستيكي صغير,,N-P159-1-4,فلين / Cork,لا يوجد رقم موديل مطبوع في الكتالوج
2,161,أقلام / Pens,قلم معدني مع علبة كرتون,Metal pen with cardboard box,,,N-P161-1,رصاصي / Gunmetal,لا يوجد رقم موديل مطبوع في الكتالوج | لون واحد فقط
2,162,أقلام / Pens,قلم ستيل,Steel pen,,,N-P162-1-1,أسود / Black,لا يوجد رقم موديل مطبوع في الكتالوج
2,162,أقلام / Pens,قلم ستيل,Steel pen,,,N-P162-1-2,رمادي / Gray,لا يوجد رقم موديل مطبوع في الكتالوج
2,163,أقلام / Pens,قلم معدني مطاطي (حلقة لامعة),Rubber metal pen (shiny ring),,,N-P163-1-1,أسود / Black,لا يوجد رقم موديل مطبوع في الكتالوج
2,163,أقلام / Pens,قلم معدني مطاطي (حلقة لامعة),Rubber metal pen (shiny ring),,,N-P163-1-2,أبيض / White,لا يوجد رقم موديل مطبوع في الكتالوج
2,163,أقلام / Pens,قلم معدني مطاطي (حلقة لامعة),Rubber metal pen (shiny ring),,,N-P163-1-3,كحلي / Navy,لا يوجد رقم موديل مطبوع في الكتالوج
2,163,أقلام / Pens,قلم معدني مطاطي (حلقة لامعة),Rubber metal pen (shiny ring),,,N-P163-1-4,أخضر / Green,لا يوجد رقم موديل مطبوع في الكتالوج
2,164,أقلام / Pens,قلم معدني,Metal pen,نصف معدن ونصف قماش,,N-P164-1-1,أسود / Black,لا يوجد رقم موديل مطبوع في الكتالوج
2,164,أقلام / Pens,قلم معدني,Metal pen,نصف معدن ونصف قماش,,N-P164-1-2,رمادي / Gray,لا يوجد رقم موديل مطبوع في الكتالوج
2,164,أقلام / Pens,قلم معدني,Metal pen,نصف معدن ونصف قماش,,N-P164-1-3,أبيض / White,لا يوجد رقم موديل مطبوع في الكتالوج
2,164,أقلام / Pens,قلم معدني,Metal pen,نصف معدن ونصف قماش,,N-P164-1-4,كحلي / Navy,لا يوجد رقم موديل مطبوع في الكتالوج
2,164,أقلام / Pens,قلم معدني,Metal pen,نصف معدن ونصف قماش,,N-P164-1-5,أخضر / Green,لا يوجد رقم موديل مطبوع في الكتالوج
2,164,أقلام / Pens,قلم معدني,Metal pen,نصف معدن ونصف قماش,,N-P164-1-6,بنفسجي / Purple,لا يوجد رقم موديل مطبوع في الكتالوج
2,165,أقلام / Pens,قلم معدني مطاطي,Rubber metal pen,,,N-P165-1-1,أسود / Black,لا يوجد رقم موديل مطبوع في الكتالوج
2,165,أقلام / Pens,قلم معدني مطاطي,Rubber metal pen,,,N-P165-1-2,رمادي / Gray,لا يوجد رقم موديل مطبوع في الكتالوج
2,165,أقلام / Pens,قلم معدني مطاطي,Rubber metal pen,,,N-P165-1-3,أبيض / White,لا يوجد رقم موديل مطبوع في الكتالوج
2,165,أقلام / Pens,قلم معدني مطاطي,Rubber metal pen,,,N-P165-1-4,كحلي / Navy,لا يوجد رقم موديل مطبوع في الكتالوج
2,165,أقلام / Pens,قلم معدني مطاطي,Rubber metal pen,,,N-P165-1-5,أزرق / Blue,لا يوجد رقم موديل مطبوع في الكتالوج
2,166,أقلام / Pens,قلم مستدام 2 في 1,Sustainable pen (2-in-1),قلم حبر جاف + قلم بدون حبر برأس معدني,,N-P166-1-1,أسود / Black,لا يوجد رقم موديل مطبوع في الكتالوج
2,166,أقلام / Pens,قلم مستدام 2 في 1,Sustainable pen (2-in-1),قلم حبر جاف + قلم بدون حبر برأس معدني,,N-P166-1-2,رمادي / Gray,لا يوجد رقم موديل مطبوع في الكتالوج
2,166,أقلام / Pens,قلم مستدام 2 في 1,Sustainable pen (2-in-1),قلم حبر جاف + قلم بدون حبر برأس معدني,,N-P166-1-3,أبيض / White,لا يوجد رقم موديل مطبوع في الكتالوج
2,166,أقلام / Pens,قلم مستدام 2 في 1,Sustainable pen (2-in-1),قلم حبر جاف + قلم بدون حبر برأس معدني,,N-P166-1-4,كحلي / Navy,لا يوجد رقم موديل مطبوع في الكتالوج
2,166,أقلام / Pens,قلم مستدام 2 في 1,Sustainable pen (2-in-1),قلم حبر جاف + قلم بدون حبر برأس معدني,,N-P166-1-5,أزرق / Blue,لا يوجد رقم موديل مطبوع في الكتالوج
2,167,أقلام / Pens,قلم ألمنيوم بفلين وقلم لمس,Aluminium pen with cork & stylus,,,N-P167-1-1,أسود / Black,لا يوجد رقم موديل مطبوع في الكتالوج
2,167,أقلام / Pens,قلم ألمنيوم بفلين وقلم لمس,Aluminium pen with cork & stylus,,,N-P167-1-2,رمادي / Gray,لا يوجد رقم موديل مطبوع في الكتالوج
2,167,أقلام / Pens,قلم ألمنيوم بفلين وقلم لمس,Aluminium pen with cork & stylus,,,N-P167-1-3,أبيض / White,لا يوجد رقم موديل مطبوع في الكتالوج
2,167,أقلام / Pens,قلم ألمنيوم بفلين وقلم لمس,Aluminium pen with cork & stylus,,,N-P167-1-4,كحلي / Navy,لا يوجد رقم موديل مطبوع في الكتالوج
2,168,أقلام / Pens,قلم ألمنيوم بقلم لمس,Aluminium pen with stylus,ملمس مطاطي,,N-P168-1-1,أسود / Black,لا يوجد رقم موديل مطبوع في الكتالوج
2,168,أقلام / Pens,قلم ألمنيوم بقلم لمس,Aluminium pen with stylus,ملمس مطاطي,,N-P168-1-2,رمادي / Gray,لا يوجد رقم موديل مطبوع في الكتالوج
2,168,أقلام / Pens,قلم ألمنيوم بقلم لمس,Aluminium pen with stylus,ملمس مطاطي,,N-P168-1-3,أبيض / White,لا يوجد رقم موديل مطبوع في الكتالوج
2,168,أقلام / Pens,قلم ألمنيوم بقلم لمس,Aluminium pen with stylus,ملمس مطاطي,,N-P168-1-4,كحلي / Navy,لا يوجد رقم موديل مطبوع في الكتالوج
2,168,أقلام / Pens,قلم ألمنيوم بقلم لمس,Aluminium pen with stylus,ملمس مطاطي,,N-P168-1-5,بنفسجي / Purple,لا يوجد رقم موديل مطبوع في الكتالوج
2,168,أقلام / Pens,قلم ألمنيوم بقلم لمس,Aluminium pen with stylus,ملمس مطاطي,,N-P168-1-6,أخضر / Green,لا يوجد رقم موديل مطبوع في الكتالوج
2,168,أقلام / Pens,قلم ألمنيوم بقلم لمس,Aluminium pen with stylus,ملمس مطاطي,,N-P168-1-7,سماوي / Sky blue,لا يوجد رقم موديل مطبوع في الكتالوج
2,168,أقلام / Pens,قلم ألمنيوم بقلم لمس,Aluminium pen with stylus,ملمس مطاطي,,N-P168-1-8,أزرق / Blue,لا يوجد رقم موديل مطبوع في الكتالوج
2,168,أقلام / Pens,قلم ألمنيوم بقلم لمس,Aluminium pen with stylus,ملمس مطاطي,,N-P168-1-9,أحمر / Red,لا يوجد رقم موديل مطبوع في الكتالوج
2,169,أقلام / Pens,قلم ألمنيوم,Aluminium pen,,,N-P169-1-1,أسود / Black,لا يوجد رقم موديل مطبوع في الكتالوج
2,169,أقلام / Pens,قلم ألمنيوم,Aluminium pen,,,N-P169-1-2,رمادي / Gray,لا يوجد رقم موديل مطبوع في الكتالوج
2,169,أقلام / Pens,قلم ألمنيوم,Aluminium pen,,,N-P169-1-3,أبيض / White,لا يوجد رقم موديل مطبوع في الكتالوج
2,169,أقلام / Pens,قلم ألمنيوم,Aluminium pen,,,N-P169-1-4,كحلي / Navy,لا يوجد رقم موديل مطبوع في الكتالوج
2,169,أقلام / Pens,قلم ألمنيوم,Aluminium pen,,,N-P169-1-5,أخضر / Green,لا يوجد رقم موديل مطبوع في الكتالوج
2,169,أقلام / Pens,قلم ألمنيوم,Aluminium pen,,,N-P169-1-6,أزرق / Blue,لا يوجد رقم موديل مطبوع في الكتالوج
2,169,أقلام / Pens,قلم ألمنيوم,Aluminium pen,,,N-P169-1-7,فوشي / Magenta,لا يوجد رقم موديل مطبوع في الكتالوج
2,170,أقلام / Pens,قلم بحامل جوال,Mobile pen holder (pen with phone stand),,,N-P170-1-1,أسود / Black,لا يوجد رقم موديل مطبوع في الكتالوج
2,170,أقلام / Pens,قلم بحامل جوال,Mobile pen holder (pen with phone stand),,,N-P170-1-2,أبيض / White,لا يوجد رقم موديل مطبوع في الكتالوج
2,170,أقلام / Pens,قلم بحامل جوال,Mobile pen holder (pen with phone stand),,,N-P170-1-3,أزرق / Blue,لا يوجد رقم موديل مطبوع في الكتالوج
2,171,أقلام / Pens,قلم بلاستيك,Plastic pen,,,N-P171-1-1,أسود / Black,لا يوجد رقم موديل مطبوع في الكتالوج
2,171,أقلام / Pens,قلم بلاستيك,Plastic pen,,,N-P171-1-2,رمادي / Gray,لا يوجد رقم موديل مطبوع في الكتالوج
2,171,أقلام / Pens,قلم بلاستيك,Plastic pen,,,N-P171-1-3,أبيض / White,لا يوجد رقم موديل مطبوع في الكتالوج
2,171,أقلام / Pens,قلم بلاستيك,Plastic pen,,,N-P171-1-4,كحلي / Navy,لا يوجد رقم موديل مطبوع في الكتالوج
2,171,أقلام / Pens,قلم بلاستيك,Plastic pen,,,N-P171-1-5,أخضر / Green,لا يوجد رقم موديل مطبوع في الكتالوج
2,171,أقلام / Pens,قلم بلاستيك,Plastic pen,,,N-P171-1-6,سماوي / Sky blue,لا يوجد رقم موديل مطبوع في الكتالوج
2,171,أقلام / Pens,قلم بلاستيك,Plastic pen,,,N-P171-1-7,أزرق / Blue,لا يوجد رقم موديل مطبوع في الكتالوج
2,171,أقلام / Pens,قلم بلاستيك,Plastic pen,,,N-P171-1-8,أحمر / Red,لا يوجد رقم موديل مطبوع في الكتالوج
2,171,أقلام / Pens,قلم بلاستيك,Plastic pen,,,N-P171-1-9,بنفسجي / Purple,لا يوجد رقم موديل مطبوع في الكتالوج
2,171,أقلام / Pens,قلم بلاستيك,Plastic pen,,,N-P171-1-10,وردي / Pink,لا يوجد رقم موديل مطبوع في الكتالوج
2,172,أقلام / Pens,قلم بلاستيك 1.0 مم,Plastic pen (1.0 mm),,,N-P172-1-1,أسود / Black,لا يوجد رقم موديل مطبوع في الكتالوج
2,172,أقلام / Pens,قلم بلاستيك 1.0 مم,Plastic pen (1.0 mm),,,N-P172-1-2,أبيض / White,لا يوجد رقم موديل مطبوع في الكتالوج
2,172,أقلام / Pens,قلم بلاستيك 1.0 مم,Plastic pen (1.0 mm),,,N-P172-1-3,أزرق / Blue,لا يوجد رقم موديل مطبوع في الكتالوج
2,172,أقلام / Pens,قلم بلاستيك 1.0 مم,Plastic pen (1.0 mm),,,N-P172-1-4,سماوي / Sky blue,لا يوجد رقم موديل مطبوع في الكتالوج
2,173,أقلام / Pens,قلم فلين صديق للبيئة,Eco-friendly cork pen,,,N-P173-1,فلين / Cork,لا يوجد رقم موديل مطبوع في الكتالوج
2,174,أقلام / Pens,قلم رصاص بالبذور (للزراعة),Plant pen (seed pencil),ورق جرائد معاد تدويره - بذرة في الطرف,,N-P174-1,خشبي طبيعي / Natural wood,لا يوجد رقم موديل مطبوع في الكتالوج | لون واحد فقط
2,175,أقلام / Pens,قلم رصاص,Lead pencil,18 سم,,N-P175-1-1,أسود / Black,لا يوجد رقم موديل مطبوع في الكتالوج
2,175,أقلام / Pens,قلم رصاص,Lead pencil,18 سم,,N-P175-1-2,أبيض / White,لا يوجد رقم موديل مطبوع في الكتالوج
2,176,أقلام / Pens,علبة أقلام دائرية,Round pen box,,,N-P176-1-1,أسود / Black,لا يوجد رقم موديل مطبوع في الكتالوج
2,176,أقلام / Pens,علبة أقلام دائرية,Round pen box,,,N-P176-1-2,فضي / Silver,لا يوجد رقم موديل مطبوع في الكتالوج
2,176,أقلام / Pens,علبة أقلام دائرية,Round pen box,,,N-P176-1-3,أبيض / White,لا يوجد رقم موديل مطبوع في الكتالوج
2,177,أقلام / Pens,علبة أقلام,Pen box,مستطيلة بفاصل معدني فضي,,N-P177-1-1,أسود / Black,لا يوجد رقم موديل مطبوع في الكتالوج
2,177,أقلام / Pens,علبة أقلام,Pen box,مستطيلة بفاصل معدني فضي,,N-P177-1-2,كحلي / Navy,لا يوجد رقم موديل مطبوع في الكتالوج
2,179,أكياس وشنط / Bags,شنطة كانفاس VIP,VIP canvas bag,36×28×12.5 سم - جيب أمامي وجيب شبك - لوحة معدنية قابلة للحفر - سحاب علوي,,N-P179-1-1,رمادي / Gray,لا يوجد رقم موديل مطبوع في الكتالوج
2,179,أكياس وشنط / Bags,شنطة كانفاس VIP,VIP canvas bag,36×28×12.5 سم - جيب أمامي وجيب شبك - لوحة معدنية قابلة للحفر - سحاب علوي,,N-P179-1-2,فحمي / Charcoal,لا يوجد رقم موديل مطبوع في الكتالوج
2,179,أكياس وشنط / Bags,شنطة كانفاس VIP,VIP canvas bag,36×28×12.5 سم - جيب أمامي وجيب شبك - لوحة معدنية قابلة للحفر - سحاب علوي,,N-P179-1-3,أزرق رمادي / Blue gray,لا يوجد رقم موديل مطبوع في الكتالوج
2,180,أكياس وشنط / Bags,شنطة توت,Tote bag,قماش منسوج - مقاسات 21.5×29 / 29×34.5 / 36×40 سم,,N-P180-1-1,أسود / Black,لا يوجد رقم موديل مطبوع في الكتالوج | الصفحات 180-184
2,180,أكياس وشنط / Bags,شنطة توت,Tote bag,قماش منسوج - مقاسات 21.5×29 / 29×34.5 / 36×40 سم,,N-P180-1-2,أبيض / White,لا يوجد رقم موديل مطبوع في الكتالوج | الصفحات 180-184
2,180,أكياس وشنط / Bags,شنطة توت,Tote bag,قماش منسوج - مقاسات 21.5×29 / 29×34.5 / 36×40 سم,,N-P180-1-3,رمادي / Gray,لا يوجد رقم موديل مطبوع في الكتالوج | الصفحات 180-184
2,180,أكياس وشنط / Bags,شنطة توت,Tote bag,قماش منسوج - مقاسات 21.5×29 / 29×34.5 / 36×40 سم,,N-P180-1-4,بيج / Beige,لا يوجد رقم موديل مطبوع في الكتالوج | الصفحات 180-184
2,180,أكياس وشنط / Bags,شنطة توت,Tote bag,قماش منسوج - مقاسات 21.5×29 / 29×34.5 / 36×40 سم,,N-P180-1-5,أحمر / Red,لا يوجد رقم موديل مطبوع في الكتالوج | الصفحات 180-184
2,180,أكياس وشنط / Bags,شنطة توت,Tote bag,قماش منسوج - مقاسات 21.5×29 / 29×34.5 / 36×40 سم,,N-P180-1-6,أزرق / Blue,لا يوجد رقم موديل مطبوع في الكتالوج | الصفحات 180-184
2,180,أكياس وشنط / Bags,شنطة توت,Tote bag,قماش منسوج - مقاسات 21.5×29 / 29×34.5 / 36×40 سم,,N-P180-1-7,بنفسجي / Purple,لا يوجد رقم موديل مطبوع في الكتالوج | الصفحات 180-184
2,180,أكياس وشنط / Bags,شنطة توت,Tote bag,قماش منسوج - مقاسات 21.5×29 / 29×34.5 / 36×40 سم,,N-P180-1-8,أخضر فاتح / Light green,لا يوجد رقم موديل مطبوع في الكتالوج | الصفحات 180-184
2,180,أكياس وشنط / Bags,شنطة توت,Tote bag,قماش منسوج - مقاسات 21.5×29 / 29×34.5 / 36×40 سم,,N-P180-1-9,أخضر / Green,لا يوجد رقم موديل مطبوع في الكتالوج | الصفحات 180-184
2,180,أكياس وشنط / Bags,شنطة توت,Tote bag,قماش منسوج - مقاسات 21.5×29 / 29×34.5 / 36×40 سم,,N-P180-1-10,كحلي / Navy,لا يوجد رقم موديل مطبوع في الكتالوج | الصفحات 180-184
2,185,أكياس وشنط / Bags,شنطة توت صديقة للبيئة بقاعدة فلين,Eco-friendly tote bag (cork base),40×36 سم,,N-P185-1,بيج / فلين / Beige / Cork,لا يوجد رقم موديل مطبوع في الكتالوج
2,186,أكياس وشنط / Bags,حقيبة ظهر برباط صديقة للبيئة بقاعدة فلين,Eco-friendly drawstring backpack (cork base),40×36 سم - قطن,,N-P186-1,بيج / فلين / Beige / Cork,لا يوجد رقم موديل مطبوع في الكتالوج
2,187,أكياس وشنط / Bags,حقيبة ظهر برباط صديقة للبيئة,Eco-friendly drawstring backpack,40×36 سم,,N-P187-1,بيج / Beige,لا يوجد رقم موديل مطبوع في الكتالوج
2,188,أكياس وشنط / Bags,حقيبة ظهر سبليميشن,Sublimation drawstring bag,33.5×39.5 سم - أبيض للطباعة,,N-P188-1,أبيض / White,لا يوجد رقم موديل مطبوع في الكتالوج
2,189,أكياس وشنط / Bags,شنطة سبليميشن,Sublimation bag,A3: 24.5×41.5 سم - A4: 24.5×30.5 سم | A3,,N-P189-1-1,أبيض / White,لا يوجد رقم موديل مطبوع في الكتالوج
2,189,أكياس وشنط / Bags,شنطة سبليميشن,Sublimation bag,A3: 24.5×41.5 سم - A4: 24.5×30.5 سم | A4,,N-P189-1-2,أبيض / White,لا يوجد رقم موديل مطبوع في الكتالوج
2,190,أكياس وشنط / Bags,كيس قماش صغير برباط,Small drawstring pouch (eco),14.5×21 سم,,N-P190-1,بيج / Beige,لا يوجد رقم موديل مطبوع في الكتالوج
2,191,إكسسوارات / Accessories,حامل جوال بامبو,Bamboo mobile holder,,,N-P191-1,خشبي طبيعي / Natural wood,لا يوجد رقم موديل مطبوع في الكتالوج
2,192,إكسسوارات / Accessories,ستاند جوال قابل للطي,Folding phone stand,بلاستيك صلب - قابل لتعديل الزاوية والارتفاع,,N-P192-1-1,أسود / Black,لا يوجد رقم موديل مطبوع في الكتالوج
2,192,إكسسوارات / Accessories,ستاند جوال قابل للطي,Folding phone stand,بلاستيك صلب - قابل لتعديل الزاوية والارتفاع,,N-P192-1-2,أبيض / White,لا يوجد رقم موديل مطبوع في الكتالوج
2,193,إكسسوارات / Accessories,بوب سوكيت بامبو للجوال,Bamboo phone grip (pop socket),لاصق قوي - ستاند ومقبض,,N-P193-1-1,خشبي طبيعي / Natural wood,لا يوجد رقم موديل مطبوع في الكتالوج
2,193,إكسسوارات / Accessories,بوب سوكيت بامبو للجوال,Bamboo phone grip (pop socket),لاصق قوي - ستاند ومقبض,,N-P193-1-2,أبيض / White,لا يوجد رقم موديل مطبوع في الكتالوج
2,194,هدايا دعائية / Promo items,كرة ضغط باللافندر,Lavender stress ball,محشوة بزهور اللافندر,,N-P194-1-1,كحلي / Navy,لا يوجد رقم موديل مطبوع في الكتالوج
2,194,هدايا دعائية / Promo items,كرة ضغط باللافندر,Lavender stress ball,محشوة بزهور اللافندر,,N-P194-1-2,أسود / Black,لا يوجد رقم موديل مطبوع في الكتالوج
2,194,هدايا دعائية / Promo items,كرة ضغط باللافندر,Lavender stress ball,محشوة بزهور اللافندر,,N-P194-1-3,رمادي / Gray,لا يوجد رقم موديل مطبوع في الكتالوج
2,194,هدايا دعائية / Promo items,كرة ضغط باللافندر,Lavender stress ball,محشوة بزهور اللافندر,,N-P194-1-4,كحلي / رمادي / Navy / Gray,لا يوجد رقم موديل مطبوع في الكتالوج
2,195,هدايا دعائية / Promo items,كرة ضغط,Stress ball,فوم ناعم - مكان للشعار,,N-P195-1-1,أسود / Black,لا يوجد رقم موديل مطبوع في الكتالوج
2,195,هدايا دعائية / Promo items,كرة ضغط,Stress ball,فوم ناعم - مكان للشعار,,N-P195-1-2,أبيض / White,لا يوجد رقم موديل مطبوع في الكتالوج
2,195,هدايا دعائية / Promo items,كرة ضغط,Stress ball,فوم ناعم - مكان للشعار,,N-P195-1-3,بنفسجي / Purple,لا يوجد رقم موديل مطبوع في الكتالوج
2,195,هدايا دعائية / Promo items,كرة ضغط,Stress ball,فوم ناعم - مكان للشعار,,N-P195-1-4,أحمر / Red,لا يوجد رقم موديل مطبوع في الكتالوج
2,195,هدايا دعائية / Promo items,كرة ضغط,Stress ball,فوم ناعم - مكان للشعار,,N-P195-1-5,برتقالي / Orange,لا يوجد رقم موديل مطبوع في الكتالوج
2,195,هدايا دعائية / Promo items,كرة ضغط,Stress ball,فوم ناعم - مكان للشعار,,N-P195-1-6,أخضر / Green,لا يوجد رقم موديل مطبوع في الكتالوج
2,195,هدايا دعائية / Promo items,كرة ضغط,Stress ball,فوم ناعم - مكان للشعار,,N-P195-1-7,وردي / Pink,لا يوجد رقم موديل مطبوع في الكتالوج
2,195,هدايا دعائية / Promo items,كرة ضغط,Stress ball,فوم ناعم - مكان للشعار,,N-P195-1-8,كحلي / Navy,لا يوجد رقم موديل مطبوع في الكتالوج
2,196,هدايا دعائية / Promo items,مكعب ضغط,Stress cube,,,N-P196-1-1,كحلي / Navy,لا يوجد رقم موديل مطبوع في الكتالوج
2,196,هدايا دعائية / Promo items,مكعب ضغط,Stress cube,,,N-P196-1-2,أخضر / Green,لا يوجد رقم موديل مطبوع في الكتالوج
2,196,هدايا دعائية / Promo items,مكعب ضغط,Stress cube,,,N-P196-1-3,أبيض / White,لا يوجد رقم موديل مطبوع في الكتالوج
2,196,هدايا دعائية / Promo items,مكعب ضغط,Stress cube,,,N-P196-1-4,أسود / Black,لا يوجد رقم موديل مطبوع في الكتالوج
2,197,هدايا دعائية / Promo items,كرة ضغط قلب,Heart stress ball,7×7 سم - فوم مرن,,N-P197-1,أحمر / Red,لا يوجد رقم موديل مطبوع في الكتالوج | لون واحد فقط
2,198,هدايا دعائية / Promo items,مكعب روبيك 3×3 بالصور,3×3×3 photo cube,يُطبع بالصور أو الشعار,,N-P198-1,أبيض / White,لا يوجد رقم موديل مطبوع في الكتالوج
2,199,هدايا دعائية / Promo items,منظم مكتب تقويم (Calendar cube),Calendar cube desk organizer,21×7×7 سم - 3 وحدات قابلة للطي,,N-P199-1,أبيض / White,لا يوجد رقم موديل مطبوع في الكتالوج
2,200,هدايا دعائية / Promo items,بازل للتلوين,Blank jigsaw puzzle,20×20 سم - مُجمّع مسبقًا,,N-P200-1,أبيض / White,لا يوجد رقم موديل مطبوع في الكتالوج
2,201,هدايا دعائية / Promo items,بازل خشبي,Wooden puzzle,12×12 سم,,N-P201-1,خشبي طبيعي / Natural wood,لا يوجد رقم موديل مطبوع في الكتالوج
2,203,ماوس باد / Mouse pads,ماوس باد فلين,Cork mouse pad,22×18 سم,,N-P203-1,فلين / Cork,لا يوجد رقم موديل مطبوع في الكتالوج
2,204,ماوس باد / Mouse pads,ماوس باد,Mouse pad,22×18 سم - سماكة 4 مم - قابل للطباعة,,N-P204-1,أبيض / White,لا يوجد رقم موديل مطبوع في الكتالوج
2,205,ماوس باد / Mouse pads,ماوس باد دائري,Circular mouse pad,قطر 22 سم - سماكة 4 مم,,N-P205-1,أبيض / White,لا يوجد رقم موديل مطبوع في الكتالوج
2,206,ماوس باد / Mouse pads,ماوس باد بمسند جل للمعصم,Ergonomic gel wrist mouse pad,قاعدة غير قابلة للانزلاق,,N-P206-1-1,أسود / Black,لا يوجد رقم موديل مطبوع في الكتالوج
2,206,ماوس باد / Mouse pads,ماوس باد بمسند جل للمعصم,Ergonomic gel wrist mouse pad,قاعدة غير قابلة للانزلاق,,N-P206-1-2,كحلي / Navy,لا يوجد رقم موديل مطبوع في الكتالوج
2,206,ماوس باد / Mouse pads,ماوس باد بمسند جل للمعصم,Ergonomic gel wrist mouse pad,قاعدة غير قابلة للانزلاق,,N-P206-1-3,رمادي / Gray,لا يوجد رقم موديل مطبوع في الكتالوج
2,206,ماوس باد / Mouse pads,ماوس باد بمسند جل للمعصم,Ergonomic gel wrist mouse pad,قاعدة غير قابلة للانزلاق,,N-P206-1-4,أخضر / Green,لا يوجد رقم موديل مطبوع في الكتالوج
2,206,ماوس باد / Mouse pads,ماوس باد بمسند جل للمعصم,Ergonomic gel wrist mouse pad,قاعدة غير قابلة للانزلاق,,N-P206-1-5,وردي / Pink,لا يوجد رقم موديل مطبوع في الكتالوج
2,208,"بروشات وبطاقات وعلاقات / Badges, lanyards & ID",حامل بطاقة مضيء,Illuminated (photoelectric) card holder,70×118 مم - بطارية ليثيوم 15-25 ساعة - شحن Type-C - لانيارد,,N-P208-1,أبيض / White,لا يوجد رقم موديل مطبوع في الكتالوج
2,209,"بروشات وبطاقات وعلاقات / Badges, lanyards & ID",حامل بطاقة تعريف جلد,Leather ID card holder,7×12 سم - نافذة شفافة لبطاقتين,,N-P209-1-1,أسود / Black,لا يوجد رقم موديل مطبوع في الكتالوج
2,209,"بروشات وبطاقات وعلاقات / Badges, lanyards & ID",حامل بطاقة تعريف جلد,Leather ID card holder,7×12 سم - نافذة شفافة لبطاقتين,,N-P209-1-2,أبيض / White,لا يوجد رقم موديل مطبوع في الكتالوج
2,209,"بروشات وبطاقات وعلاقات / Badges, lanyards & ID",حامل بطاقة تعريف جلد,Leather ID card holder,7×12 سم - نافذة شفافة لبطاقتين,,N-P209-1-3,رمادي / Gray,لا يوجد رقم موديل مطبوع في الكتالوج
2,209,"بروشات وبطاقات وعلاقات / Badges, lanyards & ID",حامل بطاقة تعريف جلد,Leather ID card holder,7×12 سم - نافذة شفافة لبطاقتين,,N-P209-1-4,بنفسجي / Purple,لا يوجد رقم موديل مطبوع في الكتالوج
2,209,"بروشات وبطاقات وعلاقات / Badges, lanyards & ID",حامل بطاقة تعريف جلد,Leather ID card holder,7×12 سم - نافذة شفافة لبطاقتين,,N-P209-1-5,أزرق / Blue,لا يوجد رقم موديل مطبوع في الكتالوج
2,209,"بروشات وبطاقات وعلاقات / Badges, lanyards & ID",حامل بطاقة تعريف جلد,Leather ID card holder,7×12 سم - نافذة شفافة لبطاقتين,,N-P209-1-6,أخضر / Green,لا يوجد رقم موديل مطبوع في الكتالوج
2,210,"بروشات وبطاقات وعلاقات / Badges, lanyards & ID",حامل بطاقة تعريف,ID card holder (soft),,,N-P210-1-1,أسود / Black,لا يوجد رقم موديل مطبوع في الكتالوج
2,210,"بروشات وبطاقات وعلاقات / Badges, lanyards & ID",حامل بطاقة تعريف,ID card holder (soft),,,N-P210-1-2,رمادي / Gray,لا يوجد رقم موديل مطبوع في الكتالوج
2,210,"بروشات وبطاقات وعلاقات / Badges, lanyards & ID",حامل بطاقة تعريف,ID card holder (soft),,,N-P210-1-3,أبيض / White,لا يوجد رقم موديل مطبوع في الكتالوج
2,210,"بروشات وبطاقات وعلاقات / Badges, lanyards & ID",حامل بطاقة تعريف,ID card holder (soft),,,N-P210-1-4,أزرق / Blue,لا يوجد رقم موديل مطبوع في الكتالوج
2,211,"بروشات وبطاقات وعلاقات / Badges, lanyards & ID",حامل بطاقة تعريف شفاف,Transparent ID card holder,فتحة علوية للانيارد أو المشبك,,N-P211-1,شفاف / Clear,لا يوجد رقم موديل مطبوع في الكتالوج
2,212,"بروشات وبطاقات وعلاقات / Badges, lanyards & ID",لانيارد دائري,Circular lanyard,لانيارد للشركات والمدارس والفعاليات | ألوان متعددة,,N-P212-1,متعدد الألوان / Multicolour,لا يوجد رقم موديل مطبوع في الكتالوج
2,213,"بروشات وبطاقات وعلاقات / Badges, lanyards & ID",لانيارد قطن بطباعة حرارية,Cotton lanyard (thermal printing),مشبك بلاستيك | ألوان متعددة,,N-P213-1,متعدد الألوان / Multicolour,لا يوجد رقم موديل مطبوع في الكتالوج
2,214,"بروشات وبطاقات وعلاقات / Badges, lanyards & ID",لانيارد بمشبكين,Double-clip lanyard,,,N-P214-1-1,أسود / Black,لا يوجد رقم موديل مطبوع في الكتالوج
2,214,"بروشات وبطاقات وعلاقات / Badges, lanyards & ID",لانيارد بمشبكين,Double-clip lanyard,,,N-P214-1-2,كحلي / Navy,لا يوجد رقم موديل مطبوع في الكتالوج
2,214,"بروشات وبطاقات وعلاقات / Badges, lanyards & ID",لانيارد بمشبكين,Double-clip lanyard,,,N-P214-1-3,أبيض / White,لا يوجد رقم موديل مطبوع في الكتالوج
2,215,"بروشات وبطاقات وعلاقات / Badges, lanyards & ID",لانيارد قطن بمشبك قابل للفصل,Cotton lanyard (detachable clip),عرض 1.5 سم - طول 50 سم,,N-P215-1-1,أسود / Black,لا يوجد رقم موديل مطبوع في الكتالوج
2,215,"بروشات وبطاقات وعلاقات / Badges, lanyards & ID",لانيارد قطن بمشبك قابل للفصل,Cotton lanyard (detachable clip),عرض 1.5 سم - طول 50 سم,,N-P215-1-2,أزرق / Blue,لا يوجد رقم موديل مطبوع في الكتالوج
2,215,"بروشات وبطاقات وعلاقات / Badges, lanyards & ID",لانيارد قطن بمشبك قابل للفصل,Cotton lanyard (detachable clip),عرض 1.5 سم - طول 50 سم,,N-P215-1-3,رمادي / Gray,لا يوجد رقم موديل مطبوع في الكتالوج
2,215,"بروشات وبطاقات وعلاقات / Badges, lanyards & ID",لانيارد قطن بمشبك قابل للفصل,Cotton lanyard (detachable clip),عرض 1.5 سم - طول 50 سم,,N-P215-1-4,أبيض / White,لا يوجد رقم موديل مطبوع في الكتالوج
2,216,"بروشات وبطاقات وعلاقات / Badges, lanyards & ID",لانيارد مع حامل بطاقة يويو,Lanyard with badge holder (yo-yo),,,N-P216-1-1,أسود / Black,لا يوجد رقم موديل مطبوع في الكتالوج
2,216,"بروشات وبطاقات وعلاقات / Badges, lanyards & ID",لانيارد مع حامل بطاقة يويو,Lanyard with badge holder (yo-yo),,,N-P216-1-2,أبيض / White,لا يوجد رقم موديل مطبوع في الكتالوج
2,216,"بروشات وبطاقات وعلاقات / Badges, lanyards & ID",لانيارد مع حامل بطاقة يويو,Lanyard with badge holder (yo-yo),,,N-P216-1-3,أزرق / Blue,لا يوجد رقم موديل مطبوع في الكتالوج
2,216,"بروشات وبطاقات وعلاقات / Badges, lanyards & ID",لانيارد مع حامل بطاقة يويو,Lanyard with badge holder (yo-yo),,,N-P216-1-4,أخضر / Green,لا يوجد رقم موديل مطبوع في الكتالوج
2,216,"بروشات وبطاقات وعلاقات / Badges, lanyards & ID",لانيارد مع حامل بطاقة يويو,Lanyard with badge holder (yo-yo),,,N-P216-1-5,كحلي / Navy,لا يوجد رقم موديل مطبوع في الكتالوج
2,216,"بروشات وبطاقات وعلاقات / Badges, lanyards & ID",لانيارد مع حامل بطاقة يويو,Lanyard with badge holder (yo-yo),,,N-P216-1-6,بنفسجي / Purple,لا يوجد رقم موديل مطبوع في الكتالوج
2,217,"بروشات وبطاقات وعلاقات / Badges, lanyards & ID",حامل بطاقة يويو ستيل,Steel badge holder (yo-yo),بكرة قابلة للسحب - شريط بلاستيك شفاف,,N-P217-1,فضي / Silver,لا يوجد رقم موديل مطبوع في الكتالوج | لون واحد فقط
2,218,"بروشات وبطاقات وعلاقات / Badges, lanyards & ID",حامل بطاقة يويو,Yo-yo ID holder,سطح للطباعة أو ستيكر ريزن,,N-P218-1-1,أسود / Black,لا يوجد رقم موديل مطبوع في الكتالوج
2,218,"بروشات وبطاقات وعلاقات / Badges, lanyards & ID",حامل بطاقة يويو,Yo-yo ID holder,سطح للطباعة أو ستيكر ريزن,,N-P218-1-2,أبيض / White,لا يوجد رقم موديل مطبوع في الكتالوج
2,218,"بروشات وبطاقات وعلاقات / Badges, lanyards & ID",حامل بطاقة يويو,Yo-yo ID holder,سطح للطباعة أو ستيكر ريزن,,N-P218-1-3,رمادي / Gray,لا يوجد رقم موديل مطبوع في الكتالوج
2,218,"بروشات وبطاقات وعلاقات / Badges, lanyards & ID",حامل بطاقة يويو,Yo-yo ID holder,سطح للطباعة أو ستيكر ريزن,,N-P218-1-4,أزرق / Blue,لا يوجد رقم موديل مطبوع في الكتالوج
2,219,"بروشات وبطاقات وعلاقات / Badges, lanyards & ID",يويو بطاقة مربع,Opaque square card hanger (yo-yo),,,N-P219-1-1,أسود / Black,لا يوجد رقم موديل مطبوع في الكتالوج
2,219,"بروشات وبطاقات وعلاقات / Badges, lanyards & ID",يويو بطاقة مربع,Opaque square card hanger (yo-yo),,,N-P219-1-2,بنفسجي / Purple,لا يوجد رقم موديل مطبوع في الكتالوج
2,219,"بروشات وبطاقات وعلاقات / Badges, lanyards & ID",يويو بطاقة مربع,Opaque square card hanger (yo-yo),,,N-P219-1-3,أزرق / Blue,لا يوجد رقم موديل مطبوع في الكتالوج
2,219,"بروشات وبطاقات وعلاقات / Badges, lanyards & ID",يويو بطاقة مربع,Opaque square card hanger (yo-yo),,,N-P219-1-4,أبيض / White,لا يوجد رقم موديل مطبوع في الكتالوج
2,220,"بروشات وبطاقات وعلاقات / Badges, lanyards & ID",بروش معدني,Metal brooch,قابل للحفر بالاسم أو الشعار,,N-P220-1,فضي / Silver,لا يوجد رقم موديل مطبوع في الكتالوج
2,221,إكسسوارات / Accessories,مظلة شمس للسيارة,Car sunshade,قابلة للطي - تعكس أشعة الشمس,,N-P221-1,فضي / Silver,لا يوجد رقم موديل مطبوع في الكتالوج
2,222,مسابح وسجادات صلاة / Prayer beads & prayer rugs,سجادة صلاة مع حقيبة,Prayer rug with bag,صديقة للبيئة - 67.5×104 سم - حقيبة 29×20 سم,,N-P222-1,كريمي / Cream,لا يوجد رقم موديل مطبوع في الكتالوج
